  0
SECTION
  2
HEADER
  9
$ACADVER
  1
AC1024
  9
$ACADMAINTVER
 70
6
  9
$DWGCODEPAGE
  3
ANSI_1252
  9
$LASTSAVEDBY
  1
ezdxf
  9
$INSBASE
 10
0.0
 20
0.0
 30
0.0
  9
$EXTMIN
 10
1e+20
 20
1e+20
 30
1e+20
  9
$EXTMAX
 10
-1e+20
 20
-1e+20
 30
-1e+20
  9
$LIMMIN
 10
0.0
 20
0.0
  9
$LIMMAX
 10
420.0
 20
297.0
  9
$ORTHOMODE
 70
0
  9
$REGENMODE
 70
1
  9
$FILLMODE
 70
1
  9
$QTEXTMODE
 70
0
  9
$MIRRTEXT
 70
1
  9
$LTSCALE
 40
1.0
  9
$ATTMODE
 70
1
  9
$TEXTSIZE
 40
2.5
  9
$TRACEWID
 40
1.0
  9
$TEXTSTYLE
  7
OpenSans
  9
$CLAYER
  8
0
  9
$CELTYPE
  6
ByLayer
  9
$CECOLOR
 62
256
  9
$CELTSCALE
 40
1.0
  9
$DISPSILH
 70
0
  9
$DIMSCALE
 40
1.0
  9
$DIMASZ
 40
0.175
  9
$DIMEXO
 40
0.125
  9
$DIMDLI
 40
3.75
  9
$DIMRND
 40
0.0
  9
$DIMDLE
 40
0.0
  9
$DIMEXE
 40
0.375
  9
$DIMTP
 40
0.0
  9
$DIMTM
 40
0.0
  9
$DIMTXT
 40
0.25
  9
$DIMCEN
 40
2.5
  9
$DIMTSZ
 40
0.0
  9
$DIMTOL
 70
0
  9
$DIMLIM
 70
0
  9
$DIMTIH
 70
0
  9
$DIMTOH
 70
0
  9
$DIMSE1
 70
0
  9
$DIMSE2
 70
0
  9
$DIMTAD
 70
1
  9
$DIMZIN
 70
12
  9
$DIMBLK
  1
ARCHTICK
  9
$DIMASO
 70
1
  9
$DIMSHO
 70
1
  9
$DIMPOST
  1

  9
$DIMAPOST
  1

  9
$DIMALT
 70
0
  9
$DIMALTD
 70
3
  9
$DIMALTF
 40
0.03937007874
  9
$DIMLFAC
 40
100.0
  9
$DIMTOFL
 70
1
  9
$DIMTVP
 40
0.0
  9
$DIMTIX
 70
0
  9
$DIMSOXD
 70
0
  9
$DIMSAH
 70
0
  9
$DIMBLK1
  1

  9
$DIMBLK2
  1

  9
$DIMSTYLE
  2
EZDXF
  9
$DIMCLRD
 70
0
  9
$DIMCLRE
 70
0
  9
$DIMCLRT
 70
0
  9
$DIMTFAC
 40
0.5
  9
$DIMGAP
 40
0.1
  9
$DIMJUST
 70
0
  9
$DIMSD1
 70
0
  9
$DIMSD2
 70
0
  9
$DIMTOLJ
 70
0
  9
$DIMTZIN
 70
8
  9
$DIMALTZ
 70
0
  9
$DIMALTTZ
 70
0
  9
$DIMUPT
 70
1
  9
$DIMDEC
 70
2
  9
$DIMTDEC
 70
2
  9
$DIMALTU
 70
2
  9
$DIMALTTD
 70
3
  9
$DIMTXSTY
  7
OpenSansCondensed-Light
  9
$DIMAUNIT
 70
0
  9
$DIMADEC
 70
2
  9
$DIMALTRND
 40
0.0
  9
$DIMAZIN
 70
3
  9
$DIMDSEP
 70
46
  9
$DIMATFIT
 70
3
  9
$DIMFRAC
 70
0
  9
$DIMLDRBLK
  1

  9
$DIMLUNIT
 70
2
  9
$DIMLWD
 70
-2
  9
$DIMLWE
 70
-2
  9
$DIMTMOVE
 70
2
  9
$DIMFXL
 40
1.0
  9
$DIMFXLON
 70
0
  9
$DIMJOGANG
 40
0.785398163397
  9
$DIMTFILL
 70
0
  9
$DIMTFILLCLR
 70
0
  9
$DIMARCSYM
 70
0
  9
$DIMLTYPE
  6

  9
$DIMLTEX1
  6

  9
$DIMLTEX2
  6

  9
$DIMTXTDIRECTION
 70
0
  9
$LUNITS
 70
2
  9
$LUPREC
 70
4
  9
$SKETCHINC
 40
1.0
  9
$FILLETRAD
 40
10.0
  9
$AUNITS
 70
0
  9
$AUPREC
 70
2
  9
$MENU
  1
.
  9
$ELEVATION
 40
0.0
  9
$PELEVATION
 40
0.0
  9
$THICKNESS
 40
0.0
  9
$LIMCHECK
 70
0
  9
$CHAMFERA
 40
0.0
  9
$CHAMFERB
 40
0.0
  9
$CHAMFERC
 40
0.0
  9
$CHAMFERD
 40
0.0
  9
$SKPOLY
 70
0
  9
$TDCREATE
 40
2461324.0393518517
  9
$TDUCREATE
 40
2458532.153996898
  9
$TDUPDATE
 40
2461324.0393518517
  9
$TDUUPDATE
 40
2458532.1544311
  9
$TDINDWG
 40
0.0
  9
$TDUSRTIMER
 40
0.0
  9
$USRTIMER
 70
1
  9
$ANGBASE
 50
0.0
  9
$ANGDIR
 70
0
  9
$PDMODE
 70
0
  9
$PDSIZE
 40
0.0
  9
$PLINEWID
 40
0.0
  9
$SPLFRAME
 70
0
  9
$SPLINETYPE
 70
6
  9
$SPLINESEGS
 70
8
  9
$HANDSEED
  5
E6
  9
$SURFTAB1
 70
6
  9
$SURFTAB2
 70
6
  9
$SURFTYPE
 70
6
  9
$SURFU
 70
6
  9
$SURFV
 70
6
  9
$UCSBASE
  2

  9
$UCSNAME
  2

  9
$UCSORG
 10
0.0
 20
0.0
 30
0.0
  9
$UCSXDIR
 10
1.0
 20
0.0
 30
0.0
  9
$UCSYDIR
 10
0.0
 20
1.0
 30
0.0
  9
$UCSORTHOREF
  2

  9
$UCSORTHOVIEW
 70
0
  9
$UCSORGTOP
 10
0.0
 20
0.0
 30
0.0
  9
$UCSORGBOTTOM
 10
0.0
 20
0.0
 30
0.0
  9
$UCSORGLEFT
 10
0.0
 20
0.0
 30
0.0
  9
$UCSORGRIGHT
 10
0.0
 20
0.0
 30
0.0
  9
$UCSORGFRONT
 10
0.0
 20
0.0
 30
0.0
  9
$UCSORGBACK
 10
0.0
 20
0.0
 30
0.0
  9
$PUCSBASE
  2

  9
$PUCSNAME
  2

  9
$PUCSORG
 10
0.0
 20
0.0
 30
0.0
  9
$PUCSXDIR
 10
1.0
 20
0.0
 30
0.0
  9
$PUCSYDIR
 10
0.0
 20
1.0
 30
0.0
  9
$PUCSORTHOREF
  2

  9
$PUCSORTHOVIEW
 70
0
  9
$PUCSORGTOP
 10
0.0
 20
0.0
 30
0.0
  9
$PUCSORGBOTTOM
 10
0.0
 20
0.0
 30
0.0
  9
$PUCSORGLEFT
 10
0.0
 20
0.0
 30
0.0
  9
$PUCSORGRIGHT
 10
0.0
 20
0.0
 30
0.0
  9
$PUCSORGFRONT
 10
0.0
 20
0.0
 30
0.0
  9
$PUCSORGBACK
 10
0.0
 20
0.0
 30
0.0
  9
$USERI1
 70
0
  9
$USERI2
 70
0
  9
$USERI3
 70
0
  9
$USERI4
 70
0
  9
$USERI5
 70
0
  9
$USERR1
 40
0.0
  9
$USERR2
 40
0.0
  9
$USERR3
 40
0.0
  9
$USERR4
 40
0.0
  9
$USERR5
 40
0.0
  9
$WORLDVIEW
 70
1
  9
$SHADEDGE
 70
3
  9
$SHADEDIF
 70
70
  9
$TILEMODE
 70
1
  9
$MAXACTVP
 70
64
  9
$PINSBASE
 10
0.0
 20
0.0
 30
0.0
  9
$PLIMCHECK
 70
0
  9
$PEXTMIN
 10
1e+20
 20
1e+20
 30
1e+20
  9
$PEXTMAX
 10
-1e+20
 20
-1e+20
 30
-1e+20
  9
$PLIMMIN
 10
0.0
 20
0.0
  9
$PLIMMAX
 10
420.0
 20
297.0
  9
$UNITMODE
 70
0
  9
$VISRETAIN
 70
1
  9
$PLINEGEN
 70
0
  9
$PSLTSCALE
 70
1
  9
$TREEDEPTH
 70
3020
  9
$CMLSTYLE
  2
Standard
  9
$CMLJUST
 70
0
  9
$CMLSCALE
 40
20.0
  9
$PROXYGRAPHICS
 70
1
  9
$MEASUREMENT
 70
1
  9
$CELWEIGHT
370
-1
  9
$ENDCAPS
280
0
  9
$JOINSTYLE
280
0
  9
$LWDISPLAY
290
0
  9
$INSUNITS
 70
4
  9
$HYPERLINKBASE
  1

  9
$STYLESHEET
  1

  9
$XEDIT
290
1
  9
$CEPSNTYPE
380
0
  9
$PSTYLEMODE
290
1
  9
$FINGERPRINTGUID
  2
{D326D213-5052-4BA9-8E07-27310F87087E}
  9
$VERSIONGUID
  2
{DA363AE6-6B6E-4CD0-B705-BFC3639ED39A}
  9
$EXTNAMES
290
1
  9
$PSVPSCALE
 40
0.0
  9
$OLESTARTUP
290
0
  9
$SORTENTS
280
127
  9
$INDEXCTL
280
0
  9
$HIDETEXT
280
1
  9
$XCLIPFRAME
280
1
  9
$HALOGAP
280
0
  9
$OBSCOLOR
 70
257
  9
$OBSLTYPE
280
0
  9
$INTERSECTIONDISPLAY
280
0
  9
$INTERSECTIONCOLOR
 70
257
  9
$DIMASSOC
280
2
  9
$PROJECTNAME
  1

  9
$CAMERADISPLAY
290
0
  9
$LENSLENGTH
 40
50.0
  9
$CAMERAHEIGHT
 40
0.0
  9
$STEPSPERSEC
 40
24.0
  9
$STEPSIZE
 40
100.0
  9
$3DDWFPREC
 40
2.0
  9
$PSOLWIDTH
 40
0.005
  9
$PSOLHEIGHT
 40
0.08
  9
$LOFTANG1
 40
1.570796326795
  9
$LOFTANG2
 40
1.570796326795
  9
$LOFTMAG1
 40
0.0
  9
$LOFTMAG2
 40
0.0
  9
$LOFTPARAM
 70
7
  9
$LOFTNORMALS
280
1
  9
$LATITUDE
 40
37.795
  9
$LONGITUDE
 40
-122.394
  9
$NORTHDIRECTION
 40
0.0
  9
$TIMEZONE
 70
-8000
  9
$LIGHTGLYPHDISPLAY
280
1
  9
$TILEMODELIGHTSYNCH
280
1
  9
$CMATERIAL
347
20
  9
$SOLIDHIST
280
0
  9
$SHOWHIST
280
1
  9
$DWFFRAME
280
2
  9
$DGNFRAME
280
2
  9
$REALWORLDSCALE
290
1
  9
$INTERFERECOLOR
 62
256
  9
$CSHADOW
280
0
  9
$SHADOWPLANELOCATION
 40
0.0
  0
ENDSEC
  0
SECTION
  2
CLASSES
  0
CLASS
  1
ACDBDICTIONARYWDFLT
  2
AcDbDictionaryWithDefault
  3
ObjectDBX Classes
 90
0
 91
0
280
0
281
0
  0
CLASS
  1
SUN
  2
AcDbSun
  3
SCENEOE
 90
1153
 91
0
280
0
281
0
  0
CLASS
  1
VISUALSTYLE
  2
AcDbVisualStyle
  3
ObjectDBX Classes
 90
4095
 91
0
280
0
281
0
  0
CLASS
  1
MATERIAL
  2
AcDbMaterial
  3
ObjectDBX Classes
 90
1153
 91
0
280
0
281
0
  0
CLASS
  1
SCALE
  2
AcDbScale
  3
ObjectDBX Classes
 90
1153
 91
0
280
0
281
0
  0
CLASS
  1
TABLESTYLE
  2
AcDbTableStyle
  3
ObjectDBX Classes
 90
4095
 91
0
280
0
281
0
  0
CLASS
  1
MLEADERSTYLE
  2
AcDbMLeaderStyle
  3
ACDB_MLEADERSTYLE_CLASS
 90
4095
 91
0
280
0
281
0
  0
CLASS
  1
DICTIONARYVAR
  2
AcDbDictionaryVar
  3
ObjectDBX Classes
 90
0
 91
0
280
0
281
0
  0
CLASS
  1
CELLSTYLEMAP
  2
AcDbCellStyleMap
  3
ObjectDBX Classes
 90
1152
 91
0
280
0
281
0
  0
CLASS
  1
MENTALRAYRENDERSETTINGS
  2
AcDbMentalRayRenderSettings
  3
SCENEOE
 90
1024
 91
0
280
0
281
0
  0
CLASS
  1
ACDBDETAILVIEWSTYLE
  2
AcDbDetailViewStyle
  3
ObjectDBX Classes
 90
1025
 91
0
280
0
281
0
  0
CLASS
  1
ACDBSECTIONVIEWSTYLE
  2
AcDbSectionViewStyle
  3
ObjectDBX Classes
 90
1025
 91
0
280
0
281
0
  0
CLASS
  1
RASTERVARIABLES
  2
AcDbRasterVariables
  3
ISM
 90
0
 91
0
280
0
281
0
  0
CLASS
  1
LAYOUT
  2
AcDbLayout
  3
ObjectDBX Classes
 90
0
 91
0
280
0
281
0
  0
CLASS
  1
ACDBPLACEHOLDER
  2
AcDbPlaceHolder
  3
ObjectDBX Classes
 90
0
 91
0
280
0
281
0
  0
ENDSEC
  0
SECTION
  2
TABLES
  0
TABLE
  2
VPORT
  5
8
330
0
100
AcDbSymbolTable
 70
1
  0
VPORT
  5
23
330
8
100
AcDbSymbolTableRecord
100
AcDbViewportTableRecord
  2
*Active
 70
0
 10
0.0
 20
0.0
 11
1.0
 21
1.0
 12
0.0
 22
0.0
 13
0.0
 23
0.0
 14
0.5
 24
0.5
 15
0.5
 25
0.5
 16
0.0
 26
0.0
 36
1.0
 17
0.0
 27
0.0
 37
0.0
 40
1000.0
 41
1.34
 42
50.0
 43
0.0
 44
0.0
 50
0.0
 51
0.0
 71
0
 72
1000
 73
1
 74
3
 75
0
 76
0
 77
0
 78
0
281
0
 65
0
146
0.0
  0
ENDTAB
  0
TABLE
  2
LTYPE
  5
2
330
0
100
AcDbSymbolTable
 70
21
  0
LTYPE
  5
24
330
2
100
AcDbSymbolTableRecord
100
AcDbLinetypeTableRecord
  2
ByBlock
 70
0
  3

 72
65
 73
0
 40
0.0
  0
LTYPE
  5
25
330
2
100
AcDbSymbolTableRecord
100
AcDbLinetypeTableRecord
  2
ByLayer
 70
0
  3

 72
65
 73
0
 40
0.0
  0
LTYPE
  5
26
330
2
100
AcDbSymbolTableRecord
100
AcDbLinetypeTableRecord
  2
Continuous
 70
0
  3

 72
65
 73
0
 40
0.0
  0
LTYPE
  5
2F
330
2
100
AcDbSymbolTableRecord
100
AcDbLinetypeTableRecord
  2
CENTER
 70
0
  3
Center ____ _ ____ _ ____ _ ____ _ ____ _ ____
 72
65
 73
4
 40
5.08
 49
3.175
 74
0
 49
-0.635
 74
0
 49
0.635
 74
0
 49
-0.635
 74
0
  0
LTYPE
  5
30
330
2
100
AcDbSymbolTableRecord
100
AcDbLinetypeTableRecord
  2
CENTERX2
 70
0
  3
Center (2x) ________  __  ________  __  ________
 72
65
 73
4
 40
8.89
 49
6.35
 74
0
 49
-0.635
 74
0
 49
1.27
 74
0
 49
-0.635
 74
0
  0
LTYPE
  5
31
330
2
100
AcDbSymbolTableRecord
100
AcDbLinetypeTableRecord
  2
CENTER2
 70
0
  3
Center (.5x) ____ _ ____ _ ____ _ ____ _ ____
 72
65
 73
4
 40
2.54
 49
1.587
 74
0
 49
-0.318
 74
0
 49
0.318
 74
0
 49
-0.318
 74
0
  0
LTYPE
  5
32
330
2
100
AcDbSymbolTableRecord
100
AcDbLinetypeTableRecord
  2
DASHED
 70
0
  3
Dashed __ __ __ __ __ __ __ __ __ __ __ __ __ _
 72
65
 73
2
 40
1.524
 49
1.27
 74
0
 49
-0.254
 74
0
  0
LTYPE
  5
33
330
2
100
AcDbSymbolTableRecord
100
AcDbLinetypeTableRecord
  2
DASHEDX2
 70
0
  3
Dashed (2x) ____  ____  ____  ____  ____  ____
 72
65
 73
2
 40
3.048
 49
2.54
 74
0
 49
-0.508
 74
0
  0
LTYPE
  5
34
330
2
100
AcDbSymbolTableRecord
100
AcDbLinetypeTableRecord
  2
DASHED2
 70
0
  3
Dashed (.5x) _ _ _ _ _ _ _ _ _ _ _ _ _ _
 72
65
 73
2
 40
0.762
 49
0.635
 74
0
 49
-0.127
 74
0
  0
LTYPE
  5
35
330
2
100
AcDbSymbolTableRecord
100
AcDbLinetypeTableRecord
  2
PHANTOM
 70
0
  3
Phantom ______  __  __  ______  __  __  ______
 72
65
 73
6
 40
6.35
 49
3.175
 74
0
 49
-0.635
 74
0
 49
0.635
 74
0
 49
-0.635
 74
0
 49
0.635
 74
0
 49
-0.635
 74
0
  0
LTYPE
  5
36
330
2
100
AcDbSymbolTableRecord
100
AcDbLinetypeTableRecord
  2
PHANTOMX2
 70
0
  3
Phantom (2x)____________    ____    ____    ____________
 72
65
 73
6
 40
10.795
 49
6.35
 74
0
 49
-0.635
 74
0
 49
1.27
 74
0
 49
-0.635
 74
0
 49
1.27
 74
0
 49
-0.635
 74
0
  0
LTYPE
  5
37
330
2
100
AcDbSymbolTableRecord
100
AcDbLinetypeTableRecord
  2
PHANTOM2
 70
0
  3
Phantom (.5x) ___ _ _ ___ _ _ ___ _ _ ___ _ _ ___
 72
65
 73
6
 40
3.175
 49
1.587
 74
0
 49
-0.318
 74
0
 49
0.318
 74
0
 49
-0.318
 74
0
 49
0.318
 74
0
 49
-0.318
 74
0
  0
LTYPE
  5
38
330
2
100
AcDbSymbolTableRecord
100
AcDbLinetypeTableRecord
  2
DASHDOT
 70
0
  3
Dash dot __ . __ . __ . __ . __ . __ . __ . __
 72
65
 73
4
 40
3.556
 49
2.54
 74
0
 49
-0.508
 74
0
 49
0.0
 74
0
 49
-0.508
 74
0
  0
LTYPE
  5
39
330
2
100
AcDbSymbolTableRecord
100
AcDbLinetypeTableRecord
  2
DASHDOTX2
 70
0
  3
Dash dot (2x) ____  .  ____  .  ____  .  ____
 72
65
 73
4
 40
6.096
 49
5.08
 74
0
 49
-0.508
 74
0
 49
0.0
 74
0
 49
-0.508
 74
0
  0
LTYPE
  5
3A
330
2
100
AcDbSymbolTableRecord
100
AcDbLinetypeTableRecord
  2
DASHDOT2
 70
0
  3
Dash dot (.5x) _ . _ . _ . _ . _ . _ . _ . _
 72
65
 73
4
 40
1.778
 49
1.27
 74
0
 49
-0.254
 74
0
 49
0.0
 74
0
 49
-0.254
 74
0
  0
LTYPE
  5
3B
330
2
100
AcDbSymbolTableRecord
100
AcDbLinetypeTableRecord
  2
DOT
 70
0
  3
Dot .  .  .  .  .  .  .  .  .  .  .  .  .  .  .  .
 72
65
 73
2
 40
0.508
 49
0.0
 74
0
 49
-0.508
 74
0
  0
LTYPE
  5
3C
330
2
100
AcDbSymbolTableRecord
100
AcDbLinetypeTableRecord
  2
DOTX2
 70
0
  3
Dot (2x) .    .    .    .    .    .    .    . 
 72
65
 73
2
 40
1.016
 49
0.0
 74
0
 49
-1.016
 74
0
  0
LTYPE
  5
3D
330
2
100
AcDbSymbolTableRecord
100
AcDbLinetypeTableRecord
  2
DOT2
 70
0
  3
Dot (.5) . . . . . . . . . . . . . . . . . . . 
 72
65
 73
2
 40
0.254
 49
0.0
 74
0
 49
-0.254
 74
0
  0
LTYPE
  5
3E
330
2
100
AcDbSymbolTableRecord
100
AcDbLinetypeTableRecord
  2
DIVIDE
 70
0
  3
Divide __ . . __ . . __ . . __ . . __ . . __
 72
65
 73
6
 40
4.064
 49
2.54
 74
0
 49
-0.508
 74
0
 49
0.0
 74
0
 49
-0.508
 74
0
 49
0.0
 74
0
 49
-0.508
 74
0
  0
LTYPE
  5
3F
330
2
100
AcDbSymbolTableRecord
100
AcDbLinetypeTableRecord
  2
DIVIDEX2
 70
0
  3
Divide (2x) ____  . .  ____  . .  ____  . .  ____
 72
65
 73
6
 40
6.604
 49
5.08
 74
0
 49
-0.508
 74
0
 49
0.0
 74
0
 49
-0.508
 74
0
 49
0.0
 74
0
 49
-0.508
 74
0
  0
LTYPE
  5
40
330
2
100
AcDbSymbolTableRecord
100
AcDbLinetypeTableRecord
  2
DIVIDE2
 70
0
  3
Divide(.5x) _ . _ . _ . _ . _ . _ . _ . _
 72
65
 73
6
 40
2.032
 49
1.27
 74
0
 49
-0.254
 74
0
 49
0.0
 74
0
 49
-0.254
 74
0
 49
0.0
 74
0
 49
-0.254
 74
0
  0
ENDTAB
  0
TABLE
  2
LAYER
  5
1
330
0
100
AcDbSymbolTable
 70
6
  0
LAYER
  5
27
330
1
100
AcDbSymbolTableRecord
100
AcDbLayerTableRecord
  2
0
 70
0
 62
7
  6
Continuous
370
-3
390
13
347
21
  0
LAYER
  5
28
330
1
100
AcDbSymbolTableRecord
100
AcDbLayerTableRecord
  2
Defpoints
 70
0
 62
7
  6
Continuous
290
0
370
-3
390
13
347
21
  0
LAYER
  5
8A
330
1
100
AcDbSymbolTableRecord
100
AcDbLayerTableRecord
  2
CUT
 70
0
 62
7
  6
CONTINUOUS
370
-3
390
13
347
21
  0
LAYER
  5
8B
330
1
100
AcDbSymbolTableRecord
100
AcDbLayerTableRecord
  2
BEND
 70
0
 62
1
  6
DASHED
370
-3
390
13
347
21
  0
LAYER
  5
8C
330
1
100
AcDbSymbolTableRecord
100
AcDbLayerTableRecord
  2
MARK
 70
0
 62
5
  6
CONTINUOUS
370
-3
390
13
347
21
  0
LAYER
  5
8D
330
1
100
AcDbSymbolTableRecord
100
AcDbLayerTableRecord
  2
NOTE
 70
0
 62
3
  6
CONTINUOUS
370
-3
390
13
347
21
  0
ENDTAB
  0
TABLE
  2
STYLE
  5
5
330
0
100
AcDbSymbolTable
 70
26
  0
STYLE
  5
29
330
5
100
AcDbSymbolTableRecord
100
AcDbTextStyleTableRecord
  2
Standard
 70
0
 40
0.0
 41
1.0
 50
0.0
 71
0
 42
2.5
  3
txt
  4

  0
STYLE
  5
41
330
5
100
AcDbSymbolTableRecord
100
AcDbTextStyleTableRecord
  2
OpenSans-Light
 70
0
 40
0.0
 41
1.0
 50
0.0
 71
0
 42
2.5
  3
OpenSans-Light.ttf
  4

  0
STYLE
  5
42
330
5
100
AcDbSymbolTableRecord
100
AcDbTextStyleTableRecord
  2
OpenSans-Light-Italic
 70
0
 40
0.0
 41
1.0
 50
0.0
 71
0
 42
2.5
  3
OpenSans-LightItalic.ttf
  4

  0
STYLE
  5
43
330
5
100
AcDbSymbolTableRecord
100
AcDbTextStyleTableRecord
  2
OpenSans
 70
0
 40
0.0
 41
1.0
 50
0.0
 71
0
 42
2.5
  3
OpenSans-Regular.ttf
  4

  0
STYLE
  5
44
330
5
100
AcDbSymbolTableRecord
100
AcDbTextStyleTableRecord
  2
OpenSans-Italic
 70
0
 40
0.0
 41
1.0
 50
0.0
 71
0
 42
2.5
  3
OpenSans-Italic.ttf
  4

  0
STYLE
  5
45
330
5
100
AcDbSymbolTableRecord
100
AcDbTextStyleTableRecord
  2
OpenSans-SemiBold
 70
0
 40
0.0
 41
1.0
 50
0.0
 71
0
 42
2.5
  3
OpenSans-SemiBold.ttf
  4

  0
STYLE
  5
46
330
5
100
AcDbSymbolTableRecord
100
AcDbTextStyleTableRecord
  2
OpenSans-SemiBoldItalic
 70
0
 40
0.0
 41
1.0
 50
0.0
 71
0
 42
2.5
  3
OpenSans-SemiBoldItalic.ttf
  4

  0
STYLE
  5
47
330
5
100
AcDbSymbolTableRecord
100
AcDbTextStyleTableRecord
  2
OpenSans-Bold
 70
0
 40
0.0
 41
1.0
 50
0.0
 71
0
 42
2.5
  3
OpenSans-Bold.ttf
  4

  0
STYLE
  5
48
330
5
100
AcDbSymbolTableRecord
100
AcDbTextStyleTableRecord
  2
OpenSans-BoldItalic
 70
0
 40
0.0
 41
1.0
 50
0.0
 71
0
 42
2.5
  3
OpenSans-BoldItalic.ttf
  4

  0
STYLE
  5
49
330
5
100
AcDbSymbolTableRecord
100
AcDbTextStyleTableRecord
  2
OpenSans-ExtraBold
 70
0
 40
0.0
 41
1.0
 50
0.0
 71
0
 42
2.5
  3
OpenSans-ExtraBold.ttf
  4

  0
STYLE
  5
4A
330
5
100
AcDbSymbolTableRecord
100
AcDbTextStyleTableRecord
  2
OpenSans-ExtraBoldItalic
 70
0
 40
0.0
 41
1.0
 50
0.0
 71
0
 42
2.5
  3
OpenSans-ExtraBoldItalic.ttf
  4

  0
STYLE
  5
4B
330
5
100
AcDbSymbolTableRecord
100
AcDbTextStyleTableRecord
  2
OpenSansCondensed-Bold
 70
0
 40
0.0
 41
1.0
 50
0.0
 71
0
 42
2.5
  3
OpenSansCondensed-Bold.ttf
  4

  0
STYLE
  5
4C
330
5
100
AcDbSymbolTableRecord
100
AcDbTextStyleTableRecord
  2
OpenSansCondensed-Light
 70
0
 40
0.0
 41
1.0
 50
0.0
 71
0
 42
2.5
  3
OpenSansCondensed-Light.ttf
  4

  0
STYLE
  5
4D
330
5
100
AcDbSymbolTableRecord
100
AcDbTextStyleTableRecord
  2
OpenSansCondensed-Italic
 70
0
 40
0.0
 41
1.0
 50
0.0
 71
0
 42
2.5
  3
OpenSansCondensed-LightItalic.ttf
  4

  0
STYLE
  5
4E
330
5
100
AcDbSymbolTableRecord
100
AcDbTextStyleTableRecord
  2
LiberationSans
 70
0
 40
0.0
 41
1.0
 50
0.0
 71
0
 42
2.5
  3
LiberationSans-Regular.ttf
  4

  0
STYLE
  5
4F
330
5
100
AcDbSymbolTableRecord
100
AcDbTextStyleTableRecord
  2
LiberationSans-Bold
 70
0
 40
0.0
 41
1.0
 50
0.0
 71
0
 42
2.5
  3
LiberationSans-Bold.ttf
  4

  0
STYLE
  5
50
330
5
100
AcDbSymbolTableRecord
100
AcDbTextStyleTableRecord
  2
LiberationSans-BoldItalic
 70
0
 40
0.0
 41
1.0
 50
0.0
 71
0
 42
2.5
  3
LiberationSans-BoldItalic.ttf
  4

  0
STYLE
  5
51
330
5
100
AcDbSymbolTableRecord
100
AcDbTextStyleTableRecord
  2
LiberationSans-Italic
 70
0
 40
0.0
 41
1.0
 50
0.0
 71
0
 42
2.5
  3
LiberationSans-Italic.ttf
  4

  0
STYLE
  5
52
330
5
100
AcDbSymbolTableRecord
100
AcDbTextStyleTableRecord
  2
LiberationSerif
 70
0
 40
0.0
 41
1.0
 50
0.0
 71
0
 42
2.5
  3
LiberationSerif-Regular.ttf
  4

  0
STYLE
  5
53
330
5
100
AcDbSymbolTableRecord
100
AcDbTextStyleTableRecord
  2
LiberationSerif-Bold
 70
0
 40
0.0
 41
1.0
 50
0.0
 71
0
 42
2.5
  3
LiberationSerif-Bold.ttf
  4

  0
STYLE
  5
54
330
5
100
AcDbSymbolTableRecord
100
AcDbTextStyleTableRecord
  2
LiberationSerif-BoldItalic
 70
0
 40
0.0
 41
1.0
 50
0.0
 71
0
 42
2.5
  3
LiberationSerif-BoldItalic.ttf
  4

  0
STYLE
  5
55
330
5
100
AcDbSymbolTableRecord
100
AcDbTextStyleTableRecord
  2
LiberationSerif-Italic
 70
0
 40
0.0
 41
1.0
 50
0.0
 71
0
 42
2.5
  3
LiberationSerif-Italic.ttf
  4

  0
STYLE
  5
56
330
5
100
AcDbSymbolTableRecord
100
AcDbTextStyleTableRecord
  2
LiberationMono
 70
0
 40
0.0
 41
1.0
 50
0.0
 71
0
 42
2.5
  3
LiberationMono-Regular.ttf
  4

  0
STYLE
  5
57
330
5
100
AcDbSymbolTableRecord
100
AcDbTextStyleTableRecord
  2
LiberationMono-Bold
 70
0
 40
0.0
 41
1.0
 50
0.0
 71
0
 42
2.5
  3
LiberationMono-Bold.ttf
  4

  0
STYLE
  5
58
330
5
100
AcDbSymbolTableRecord
100
AcDbTextStyleTableRecord
  2
LiberationMono-BoldItalic
 70
0
 40
0.0
 41
1.0
 50
0.0
 71
0
 42
2.5
  3
LiberationMono-BoldItalic.ttf
  4

  0
STYLE
  5
59
330
5
100
AcDbSymbolTableRecord
100
AcDbTextStyleTableRecord
  2
LiberationMono-Italic
 70
0
 40
0.0
 41
1.0
 50
0.0
 71
0
 42
2.5
  3
LiberationMono-Italic.ttf
  4

  0
ENDTAB
  0
TABLE
  2
VIEW
  5
7
330
0
100
AcDbSymbolTable
 70
0
  0
ENDTAB
  0
TABLE
  2
UCS
  5
6
330
0
100
AcDbSymbolTable
 70
0
  0
ENDTAB
  0
TABLE
  2
APPID
  5
3
330
0
100
AcDbSymbolTable
 70
3
  0
APPID
  5
2A
330
3
100
AcDbSymbolTableRecord
100
AcDbRegAppTableRecord
  2
ACAD
 70
0
  0
APPID
  5
E3
330
3
100
AcDbSymbolTableRecord
100
AcDbRegAppTableRecord
  2
HATCHBACKGROUNDCOLOR
 70
0
  0
APPID
  5
E4
330
3
100
AcDbSymbolTableRecord
100
AcDbRegAppTableRecord
  2
EZDXF
 70
0
  0
ENDTAB
  0
TABLE
  2
DIMSTYLE
  5
4
330
0
100
AcDbSymbolTable
 70
12
100
AcDbDimStyleTable
  0
DIMSTYLE
105
2B
330
4
100
AcDbSymbolTableRecord
100
AcDbDimStyleTableRecord
  2
Standard
 70
0
 40
1.0
 41
2.5
 42
0.625
 43
3.75
 44
1.25
 45
0.0
 46
0.0
 47
0.0
 48
0.0
 49
2.5
140
2.5
141
2.5
142
0.0
143
0.03937007874
144
1.0
145
0.0
146
1.0
147
0.625
148
0.0
 69
0
 70
0
 71
0
 72
0
 73
0
 74
0
 75
0
 76
0
 77
1
 78
8
 79
3
170
0
171
3
172
1
173
0
174
0
175
0
176
0
177
0
178
0
179
2
271
2
272
2
273
2
274
3
275
0
276
0
277
2
278
44
279
0
280
0
281
0
282
0
283
0
284
8
285
0
286
0
288
0
289
3
290
0
371
-2
372
-2
  0
DIMSTYLE
105
73
330
4
100
AcDbSymbolTableRecord
100
AcDbDimStyleTableRecord
  2
EZDXF
 70
0
 40
1.0
 41
0.175
 42
0.125
 43
3.75
 44
0.375
 45
0.0
 46
0.0
 47
0.0
 48
0.0
 49
2.5
140
0.25
141
2.5
142
0.0
143
0.03937007874
144
100.0
145
0.0
146
0.5
147
0.1
148
0.0
 69
0
 70
0
 71
0
 72
0
 73
0
 74
0
 75
0
 76
0
 77
1
 78
12
 79
3
170
0
171
3
172
1
173
0
174
0
175
0
176
0
177
0
178
0
179
2
271
2
272
2
273
2
274
3
275
0
276
0
277
2
278
46
279
2
280
0
281
0
282
0
283
0
284
8
285
0
286
0
288
1
289
3
290
0
340
4C
342
74
371
-2
372
-2
  0
DIMSTYLE
105
7C
330
4
100
AcDbSymbolTableRecord
100
AcDbDimStyleTableRecord
  2
EZ_M_100_H25_CM
 70
0
 40
1.0
 41
0.25
 42
0.125
 43
3.75
 44
0.375
 45
0.0
 46
0.0
 47
0.0
 48
0.0
 49
2.5
140
0.25
141
2.5
142
0.125
143
0.03937007874
144
100.0
145
0.0
146
0.5
147
0.1
148
0.0
 69
0
 70
0
 71
0
 72
0
 73
0
 74
0
 75
0
 76
0
 77
1
 78
12
 79
3
170
0
171
3
172
1
173
0
174
0
175
0
176
0
177
0
178
0
179
2
271
2
272
2
273
2
274
3
275
0
276
0
277
2
278
46
279
2
280
0
281
0
282
0
283
0
284
8
285
0
286
0
288
1
289
3
290
0
340
4C
371
-2
372
-2
  0
DIMSTYLE
105
7D
330
4
100
AcDbSymbolTableRecord
100
AcDbDimStyleTableRecord
  2
EZ_M_50_H25_CM
 70
0
 40
1.0
 41
0.125
 42
0.0625
 43
3.75
 44
0.1875
 45
0.0
 46
0.0
 47
0.0
 48
0.0
 49
2.5
140
0.125
141
2.5
142
0.0625
143
0.03937007874
144
100.0
145
0.0
146
0.5
147
0.05
148
0.0
 69
0
 70
0
 71
0
 72
0
 73
0
 74
0
 75
0
 76
0
 77
1
 78
12
 79
3
170
0
171
3
172
1
173
0
174
0
175
0
176
0
177
0
178
0
179
2
271
2
272
2
273
2
274
3
275
0
276
0
277
2
278
46
279
2
280
0
281
0
282
0
283
0
284
8
285
0
286
0
288
1
289
3
290
0
340
4C
371
-2
372
-2
  0
DIMSTYLE
105
7E
330
4
100
AcDbSymbolTableRecord
100
AcDbDimStyleTableRecord
  2
EZ_M_25_H25_CM
 70
0
 40
1.0
 41
0.0625
 42
0.03125
 43
3.75
 44
0.09375
 45
0.0
 46
0.0
 47
0.0
 48
0.0
 49
2.5
140
0.0625
141
2.5
142
0.03125
143
0.03937007874
144
100.0
145
0.0
146
0.5
147
0.025
148
0.0
 69
0
 70
0
 71
0
 72
0
 73
0
 74
0
 75
0
 76
0
 77
1
 78
12
 79
3
170
0
171
3
172
1
173
0
174
0
175
0
176
0
177
0
178
0
179
2
271
2
272
2
273
2
274
3
275
0
276
0
277
2
278
46
279
2
280
0
281
0
282
0
283
0
284
8
285
0
286
0
288
1
289
3
290
0
340
4C
371
-2
372
-2
  0
DIMSTYLE
105
7F
330
4
100
AcDbSymbolTableRecord
100
AcDbDimStyleTableRecord
  2
EZ_M_20_H25_CM
 70
0
 40
1.0
 41
0.05
 42
0.025
 43
3.75
 44
0.07500000000000001
 45
0.0
 46
0.0
 47
0.0
 48
0.0
 49
2.5
140
0.05
141
2.5
142
0.025
143
0.03937007874
144
100.0
145
0.0
146
0.5
147
0.020000000000000004
148
0.0
 69
0
 70
0
 71
0
 72
0
 73
0
 74
0
 75
0
 76
0
 77
1
 78
12
 79
3
170
0
171
3
172
1
173
0
174
0
175
0
176
0
177
0
178
0
179
2
271
2
272
2
273
2
274
3
275
0
276
0
277
2
278
46
279
2
280
0
281
0
282
0
283
0
284
8
285
0
286
0
288
1
289
3
290
0
340
4C
371
-2
372
-2
  0
DIMSTYLE
105
80
330
4
100
AcDbSymbolTableRecord
100
AcDbDimStyleTableRecord
  2
EZ_M_10_H25_CM
 70
0
 40
1.0
 41
0.025
 42
0.0125
 43
3.75
 44
0.037500000000000006
 45
0.0
 46
0.0
 47
0.0
 48
0.0
 49
2.5
140
0.025
141
2.5
142
0.0125
143
0.03937007874
144
100.0
145
0.0
146
0.5
147
0.010000000000000002
148
0.0
 69
0
 70
0
 71
0
 72
0
 73
0
 74
0
 75
0
 76
0
 77
1
 78
12
 79
3
170
0
171
3
172
1
173
0
174
0
175
0
176
0
177
0
178
0
179
2
271
2
272
2
273
2
274
3
275
0
276
0
277
2
278
46
279
2
280
0
281
0
282
0
283
0
284
8
285
0
286
0
288
1
289
3
290
0
340
4C
371
-2
372
-2
  0
DIMSTYLE
105
81
330
4
100
AcDbSymbolTableRecord
100
AcDbDimStyleTableRecord
  2
EZ_M_5_H25_CM
 70
0
 40
1.0
 41
0.0125
 42
0.00625
 43
3.75
 44
0.018750000000000003
 45
0.0
 46
0.0
 47
0.0
 48
0.0
 49
2.5
140
0.0125
141
2.5
142
0.00625
143
0.03937007874
144
100.0
145
0.0
146
0.5
147
0.005000000000000001
148
0.0
 69
0
 70
0
 71
0
 72
0
 73
0
 74
0
 75
0
 76
0
 77
1
 78
12
 79
3
170
0
171
3
172
1
173
0
174
0
175
0
176
0
177
0
178
0
179
2
271
2
272
2
273
2
274
3
275
0
276
0
277
2
278
46
279
2
280
0
281
0
282
0
283
0
284
8
285
0
286
0
288
1
289
3
290
0
340
4C
371
-2
372
-2
  0
DIMSTYLE
105
82
330
4
100
AcDbSymbolTableRecord
100
AcDbDimStyleTableRecord
  2
EZ_M_1_H25_CM
 70
0
 40
1.0
 41
0.0025
 42
0.00125
 43
3.75
 44
0.00375
 45
0.0
 46
0.0
 47
0.0
 48
0.0
 49
2.5
140
0.0025
141
2.5
142
0.00125
143
0.03937007874
144
100.0
145
0.0
146
0.5
147
0.001
148
0.0
 69
0
 70
0
 71
0
 72
0
 73
0
 74
0
 75
0
 76
0
 77
1
 78
12
 79
3
170
0
171
3
172
1
173
0
174
0
175
0
176
0
177
0
178
0
179
2
271
2
272
2
273
2
274
3
275
0
276
0
277
2
278
46
279
2
280
0
281
0
282
0
283
0
284
8
285
0
286
0
288
1
289
3
290
0
340
4C
371
-2
372
-2
  0
DIMSTYLE
105
83
330
4
100
AcDbSymbolTableRecord
100
AcDbDimStyleTableRecord
  2
EZ_RADIUS
 70
0
 40
1.0
 41
0.25
 42
0.125
 43
3.75
 44
0.375
 45
0.0
 46
0.0
 47
0.0
 48
0.0
 49
2.5
140
0.25
141
0.0
142
0.0
143
0.03937007874
144
100.0
145
0.0
146
0.5
147
0.1
148
0.0
 69
0
 70
0
 71
0
 72
0
 73
0
 74
0
 75
0
 76
0
 77
1
 78
12
 79
3
170
0
171
3
172
0
173
0
174
0
175
0
176
0
177
0
178
0
179
2
271
2
272
2
273
2
274
3
275
0
276
0
277
2
278
46
279
1
280
0
281
0
282
0
283
0
284
8
285
0
286
0
288
1
289
3
290
0
340
4C
342
84
371
-2
372
-2
  0
DIMSTYLE
105
88
330
4
100
AcDbSymbolTableRecord
100
AcDbDimStyleTableRecord
  2
EZ_RADIUS_INSIDE
 70
0
 40
1.0
 41
0.25
 42
0.125
 43
3.75
 44
0.375
 45
0.0
 46
0.0
 47
0.0
 48
0.0
 49
2.5
140
0.25
141
0.0
142
0.0
143
0.03937007874
144
100.0
145
0.0
146
0.5
147
0.1
148
0.0
 69
0
 70
0
 71
0
 72
0
 73
0
 74
0
 75
0
 76
0
 77
0
 78
12
 79
3
170
0
171
3
172
0
173
0
174
1
175
0
176
0
177
0
178
0
179
2
271
2
272
2
273
2
274
3
275
0
276
0
277
2
278
46
279
0
280
0
281
0
282
0
283
0
284
8
285
0
286
0
288
1
289
0
290
0
340
4C
342
84
371
-2
372
-2
  0
DIMSTYLE
105
89
330
4
100
AcDbSymbolTableRecord
100
AcDbDimStyleTableRecord
  2
EZ_CURVED
 70
0
 40
1.0
 41
0.25
 42
0.125
 43
3.75
 44
0.375
 45
0.0
 46
0.0
 47
0.0
 48
0.0
 49
2.5
140
0.25
141
2.5
142
0.0
143
0.03937007874
144
100.0
145
0.0
146
0.5
147
0.1
148
0.0
 69
0
 70
0
 71
0
 72
0
 73
0
 74
0
 75
0
 76
0
 77
1
 78
12
 79
2
 90
2
170
0
171
3
172
1
173
0
174
0
175
0
176
0
177
0
178
0
179
2
271
2
272
2
273
2
274
3
275
0
276
0
277
2
278
46
279
2
280
0
281
0
282
0
283
0
284
8
285
0
286
0
288
1
289
3
290
0
340
4C
371
-2
372
-2
  0
ENDTAB
  0
TABLE
  2
BLOCK_RECORD
  5
9
330
0
100
AcDbSymbolTable
 70
5
  0
BLOCK_RECORD
  5
17
330
9
100
AcDbSymbolTableRecord
100
AcDbBlockTableRecord
  2
*Model_Space
340
1A
 70
0
280
1
281
0
  0
BLOCK_RECORD
  5
1B
330
9
100
AcDbSymbolTableRecord
100
AcDbBlockTableRecord
  2
*Paper_Space
340
1E
 70
0
280
1
281
0
  0
BLOCK_RECORD
  5
74
330
9
100
AcDbSymbolTableRecord
100
AcDbBlockTableRecord
  2
_ARCHTICK
340
0
 70
0
280
1
281
0
  0
BLOCK_RECORD
  5
78
330
9
100
AcDbSymbolTableRecord
100
AcDbBlockTableRecord
  2
_CLOSEDFILLED
340
0
 70
0
280
1
281
0
  0
BLOCK_RECORD
  5
84
330
9
100
AcDbSymbolTableRecord
100
AcDbBlockTableRecord
  2
_CLOSEDBLANK
340
0
 70
0
280
1
281
0
  0
ENDTAB
  0
ENDSEC
  0
SECTION
  2
BLOCKS
  0
BLOCK
  5
18
330
17
100
AcDbEntity
  8
0
100
AcDbBlockBegin
  2
*Model_Space
 70
0
 10
0.0
 20
0.0
 30
0.0
  3
*Model_Space
  1

  0
ENDBLK
  5
19
330
17
100
AcDbEntity
  8
0
100
AcDbBlockEnd
  0
BLOCK
  5
1C
330
1B
100
AcDbEntity
  8
0
100
AcDbBlockBegin
  2
*Paper_Space
 70
0
 10
0.0
 20
0.0
 30
0.0
  3
*Paper_Space
  1

  0
ENDBLK
  5
1D
330
1B
100
AcDbEntity
  8
0
100
AcDbBlockEnd
  0
BLOCK
  5
75
330
74
100
AcDbEntity
  8
0
100
AcDbBlockBegin
  2
_ARCHTICK
 70
0
 10
0.0
 20
0.0
 30
0.0
  3
_ARCHTICK
  1

  0
LWPOLYLINE
  5
77
330
74
100
AcDbEntity
  8
0
  6
BYBLOCK
 62
0
100
AcDbPolyline
 90
2
 70
0
 43
0.15
 10
-0.5
 20
-0.5
 10
0.5
 20
0.5
  0
ENDBLK
  5
76
330
74
100
AcDbEntity
  8
0
100
AcDbBlockEnd
  0
BLOCK
  5
79
330
78
100
AcDbEntity
  8
0
100
AcDbBlockBegin
  2
_CLOSEDFILLED
 70
0
 10
0.0
 20
0.0
 30
0.0
  3
_CLOSEDFILLED
  1

  0
SOLID
  5
7B
330
78
100
AcDbEntity
  8
0
  6
BYBLOCK
 62
0
100
AcDbTrace
 10
-1.0
 20
0.16439898372402537
 30
0.0
 11
0.0
 21
0.0
 31
0.0
 12
-1.0
 22
-0.16439898372402537
 32
0.0
 13
-1.0
 23
-0.16439898372402537
 33
0.0
  0
ENDBLK
  5
7A
330
78
100
AcDbEntity
  8
0
100
AcDbBlockEnd
  0
BLOCK
  5
85
330
84
100
AcDbEntity
  8
0
100
AcDbBlockBegin
  2
_CLOSEDBLANK
 70
0
 10
0.0
 20
0.0
 30
0.0
  3
_CLOSEDBLANK
  1

  0
LWPOLYLINE
  5
87
330
84
100
AcDbEntity
  8
0
  6
BYBLOCK
 62
0
100
AcDbPolyline
 90
3
 70
1
 10
-1.0
 20
0.16439898372402537
 10
0.0
 20
0.0
 10
-1.0
 20
-0.16439898372402537
  0
ENDBLK
  5
86
330
84
100
AcDbEntity
  8
0
100
AcDbBlockEnd
  0
ENDSEC
  0
SECTION
  2
ENTITIES
  0
LWPOLYLINE
  5
8E
330
17
100
AcDbEntity
  8
CUT
100
AcDbPolyline
 90
4
 70
1
 10
0.0
 20
0.0
 10
360.0
 20
0.0
 10
360.0
 20
319.8872284046339
 10
0.0
 20
319.8872284046339
  0
CIRCLE
  5
8F
330
17
100
AcDbEntity
  8
CUT
100
AcDbCircle
 10
112.91358333333332
 20
186.9854197578725
 30
0.0
 40
70.00169444444444
  0
ELLIPSE
  5
90
330
17
100
AcDbEntity
  8
CUT
100
AcDbEllipse
 10
238.91875
 20
190.72133642453917
 30
0.0
 11
0.0
 21
1.7074444444444443
 31
0.0
 40
0.75
 41
0.0
 42
6.283185307179586
  0
ELLIPSE
  5
91
330
17
100
AcDbEntity
  8
CUT
100
AcDbEllipse
 10
238.91875
 20
164.80275309120583
 30
0.0
 11
0.0
 21
1.7074444444444443
 31
0.0
 40
0.75
 41
0.0
 42
6.283185307179586
  0
ELLIPSE
  5
92
330
17
100
AcDbEntity
  8
CUT
100
AcDbEllipse
 10
242.90513888888884
 20
171.35383642453917
 30
0.0
 11
0.0
 21
1.7074444444444443
 31
0.0
 40
0.75
 41
0.0
 42
6.283185307179586
  0
ELLIPSE
  5
93
330
17
100
AcDbEntity
  8
CUT
100
AcDbEllipse
 10
242.90513888888884
 20
184.17025309120584
 30
0.0
 11
0.0
 21
1.7074444444444443
 31
0.0
 40
0.75
 41
0.0
 42
6.283185307179586
  0
ELLIPSE
  5
94
330
17
100
AcDbEntity
  8
CUT
100
AcDbEllipse
 10
250.59216666666666
 20
197.26889198009474
 30
0.0
 11
0.0
 21
1.7074444444444443
 31
0.0
 40
0.75
 41
0.0
 42
6.283185307179586
  0
ELLIPSE
  5
95
330
17
100
AcDbEntity
  8
CUT
100
AcDbEllipse
 10
250.59216666666666
 20
158.2551975356503
 30
0.0
 11
0.0
 21
1.7074444444444443
 31
0.0
 40
0.75
 41
0.0
 42
6.283185307179586
  0
ELLIPSE
  5
96
330
17
100
AcDbEntity
  8
CUT
100
AcDbEllipse
 10
258.5684722222222
 20
197.26889198009474
 30
0.0
 11
0.0
 21
1.7074444444444443
 31
0.0
 40
0.75
 41
0.0
 42
6.283185307179586
  0
ELLIPSE
  5
97
330
17
100
AcDbEntity
  8
CUT
100
AcDbEllipse
 10
258.5684722222222
 20
158.2551975356503
 30
0.0
 11
0.0
 21
1.7074444444444443
 31
0.0
 40
0.75
 41
0.0
 42
6.283185307179586
  0
ELLIPSE
  5
98
330
17
100
AcDbEntity
  8
CUT
100
AcDbEllipse
 10
246.60577777777775
 20
190.72133642453917
 30
0.0
 11
0.0
 21
1.7074444444444443
 31
0.0
 40
0.75
 41
0.0
 42
6.283185307179586
  0
ELLIPSE
  5
99
330
17
100
AcDbEntity
  8
CUT
100
AcDbEllipse
 10
246.60577777777775
 20
164.80275309120583
 30
0.0
 11
0.0
 21
1.7074444444444443
 31
0.0
 40
0.75
 41
0.0
 42
6.283185307179586
  0
ELLIPSE
  5
9A
330
17
100
AcDbEntity
  8
CUT
100
AcDbEllipse
 10
250.59216666666666
 20
171.35383642453917
 30
0.0
 11
0.0
 21
1.7074444444444443
 31
0.0
 40
0.75
 41
0.0
 42
6.283185307179586
  0
ELLIPSE
  5
9B
330
17
100
AcDbEntity
  8
CUT
100
AcDbEllipse
 10
246.60577777777775
 20
177.61916975787253
 30
0.0
 11
0.0
 21
1.7074444444444443
 31
0.0
 40
0.75
 41
0.0
 42
6.283185307179586
  0
ELLIPSE
  5
9C
330
17
100
AcDbEntity
  8
CUT
100
AcDbEllipse
 10
238.91875
 20
177.61916975787253
 30
0.0
 11
0.0
 21
1.7074444444444443
 31
0.0
 40
0.75
 41
0.0
 42
6.283185307179586
  0
ELLIPSE
  5
9D
330
17
100
AcDbEntity
  8
CUT
100
AcDbEllipse
 10
250.59216666666666
 20
184.17025309120584
 30
0.0
 11
0.0
 21
1.7074444444444443
 31
0.0
 40
0.75
 41
0.0
 42
6.283185307179586
  0
ELLIPSE
  5
9E
330
17
100
AcDbEntity
  8
CUT
100
AcDbEllipse
 10
254.2963333333333
 20
190.72133642453917
 30
0.0
 11
0.0
 21
1.7074444444444443
 31
0.0
 40
0.75
 41
0.0
 42
6.283185307179586
  0
ELLIPSE
  5
9F
330
17
100
AcDbEntity
  8
CUT
100
AcDbEllipse
 10
254.2963333333333
 20
164.80275309120583
 30
0.0
 11
0.0
 21
1.7074444444444443
 31
0.0
 40
0.75
 41
0.0
 42
6.283185307179586
  0
ELLIPSE
  5
A0
330
17
100
AcDbEntity
  8
CUT
100
AcDbEllipse
 10
258.5684722222222
 20
171.35383642453917
 30
0.0
 11
0.0
 21
1.7074444444444443
 31
0.0
 40
0.75
 41
0.0
 42
6.283185307179586
  0
ELLIPSE
  5
A1
330
17
100
AcDbEntity
  8
CUT
100
AcDbEllipse
 10
254.2963333333333
 20
177.61916975787253
 30
0.0
 11
0.0
 21
1.7074444444444443
 31
0.0
 40
0.75
 41
0.0
 42
6.283185307179586
  0
ELLIPSE
  5
A2
330
17
100
AcDbEntity
  8
CUT
100
AcDbEllipse
 10
258.5684722222222
 20
184.17025309120584
 30
0.0
 11
0.0
 21
1.7074444444444443
 31
0.0
 40
0.75
 41
0.0
 42
6.283185307179586
  0
ELLIPSE
  5
A3
330
17
100
AcDbEntity
  8
CUT
100
AcDbEllipse
 10
261.98688888888887
 20
190.72133642453917
 30
0.0
 11
0.0
 21
1.7074444444444443
 31
0.0
 40
0.75
 41
0.0
 42
6.283185307179586
  0
ELLIPSE
  5
A4
330
17
100
AcDbEntity
  8
CUT
100
AcDbEllipse
 10
261.98688888888887
 20
164.80275309120583
 30
0.0
 11
0.0
 21
1.7074444444444443
 31
0.0
 40
0.75
 41
0.0
 42
6.283185307179586
  0
ELLIPSE
  5
A5
330
17
100
AcDbEntity
  8
CUT
100
AcDbEllipse
 10
265.97327777777775
 20
171.35383642453917
 30
0.0
 11
0.0
 21
1.7074444444444443
 31
0.0
 40
0.75
 41
0.0
 42
6.283185307179586
  0
ELLIPSE
  5
A6
330
17
100
AcDbEntity
  8
CUT
100
AcDbEllipse
 10
261.98688888888887
 20
177.61916975787253
 30
0.0
 11
0.0
 21
1.7074444444444443
 31
0.0
 40
0.75
 41
0.0
 42
6.283185307179586
  0
ELLIPSE
  5
A7
330
17
100
AcDbEntity
  8
CUT
100
AcDbEllipse
 10
269.95966666666664
 20
177.61916975787253
 30
0.0
 11
0.0
 21
1.7074444444444443
 31
0.0
 40
0.75
 41
0.0
 42
6.283185307179586
  0
ELLIPSE
  5
A8
330
17
100
AcDbEntity
  8
CUT
100
AcDbEllipse
 10
265.97327777777775
 20
184.17025309120584
 30
0.0
 11
0.0
 21
1.7074444444444443
 31
0.0
 40
0.75
 41
0.0
 42
6.283185307179586
  0
ELLIPSE
  5
A9
330
17
100
AcDbEntity
  8
CUT
100
AcDbEllipse
 10
269.95966666666664
 20
190.72133642453917
 30
0.0
 11
0.0
 21
1.7074444444444443
 31
0.0
 40
0.75
 41
0.0
 42
6.283185307179586
  0
ELLIPSE
  5
AA
330
17
100
AcDbEntity
  8
CUT
100
AcDbEllipse
 10
269.95966666666664
 20
164.80275309120583
 30
0.0
 11
0.0
 21
1.7074444444444443
 31
0.0
 40
0.75
 41
0.0
 42
6.283185307179586
  0
CIRCLE
  5
AB
330
17
100
AcDbEntity
  8
CUT
100
AcDbCircle
 10
15.00011111111111
 20
248.28408642453917
 30
0.0
 40
3.298472222222222
  0
CIRCLE
  5
AC
330
17
100
AcDbEntity
  8
CUT
100
AcDbCircle
 10
345.10486111111106
 20
248.28408642453917
 30
0.0
 40
3.298472222222222
  0
CIRCLE
  5
AD
330
17
100
AcDbEntity
  8
CUT
100
AcDbCircle
 10
345.10486111111106
 20
73.11228086898365
 30
0.0
 40
3.298472222222222
  0
CIRCLE
  5
AE
330
17
100
AcDbEntity
  8
CUT
100
AcDbCircle
 10
15.00011111111111
 20
73.11228086898365
 30
0.0
 40
3.298472222222222
  0
CIRCLE
  5
AF
330
17
100
AcDbEntity
  8
CUT
100
AcDbCircle
 10
87.4853611111111
 20
88.13003086898362
 30
0.0
 40
2.250722222222222
  0
CIRCLE
  5
B0
330
17
100
AcDbEntity
  8
CUT
100
AcDbCircle
 10
248.69069444444443
 20
87.98539198009473
 30
0.0
 40
2.250722222222222
  0
CIRCLE
  5
B1
330
17
100
AcDbEntity
  8
CUT
100
AcDbCircle
 10
87.4853611111111
 20
273.3454197578725
 30
0.0
 40
2.250722222222222
  0
CIRCLE
  5
B2
330
17
100
AcDbEntity
  8
CUT
100
AcDbCircle
 10
144.06738888888887
 20
273.39480864676136
 30
0.0
 40
2.250722222222222
  0
CIRCLE
  5
B3
330
17
100
AcDbEntity
  8
CUT
100
AcDbCircle
 10
283.36875
 20
226.47536420231694
 30
0.0
 40
2.250722222222222
  0
CIRCLE
  5
B4
330
17
100
AcDbEntity
  8
CUT
100
AcDbCircle
 10
56.687861111111104
 20
71.45775309120586
 30
0.0
 40
17.74825
  0
CIRCLE
  5
B5
330
17
100
AcDbEntity
  8
CUT
100
AcDbCircle
 10
319.15099999999995
 20
187.1159475356503
 30
0.0
 40
3.1503055555555552
  0
CIRCLE
  5
B6
330
17
100
AcDbEntity
  8
CUT
100
AcDbCircle
 10
319.15099999999995
 20
195.8295586467614
 30
0.0
 40
3.298472222222222
  0
CIRCLE
  5
B7
330
17
100
AcDbEntity
  8
CUT
100
AcDbCircle
 10
246.64458333333332
 20
70.06428086898364
 30
0.0
 40
11.250083333333333
  0
CIRCLE
  5
B8
330
17
100
AcDbEntity
  8
CUT
100
AcDbCircle
 10
214.9968888888889
 20
70.06428086898364
 30
0.0
 40
11.250083333333333
  0
CIRCLE
  5
B9
330
17
100
AcDbEntity
  8
CUT
100
AcDbCircle
 10
296.73549999999994
 20
190.9541697578725
 30
0.0
 40
9.750777777777778
  0
CIRCLE
  5
BA
330
17
100
AcDbEntity
  8
CUT
100
AcDbCircle
 10
296.73549999999994
 20
130.04003086898365
 30
0.0
 40
9.750777777777778
  0
CIRCLE
  5
BB
330
17
100
AcDbEntity
  8
CUT
100
AcDbCircle
 10
296.73549999999994
 20
160.49533642453918
 30
0.0
 40
9.750777777777778
  0
LWPOLYLINE
  5
BC
330
17
100
AcDbEntity
  8
CUT
100
AcDbPolyline
 90
8
 70
1
 10
122.71727777777777
 20
78.88725309120586
 10
184.71797222222222
 20
78.88725309120586
 42
0.4142135623730951
 10
186.21727777777778
 20
80.38655864676142
 10
186.21727777777778
 20
80.38655864676142
 42
0.4142135623730951
 10
184.71797222222222
 20
81.88586420231697
 10
122.71727777777777
 20
81.88586420231697
 42
0.4142135623730951
 10
121.21797222222222
 20
80.38655864676142
 10
121.21797222222222
 20
80.38655864676142
 42
0.4142135623730951
  0
CIRCLE
  5
BD
330
17
100
AcDbEntity
  8
CUT
100
AcDbCircle
 10
118.2193611111111
 20
80.38655864676142
 30
0.0
 40
1.1994444444444443
  0
CIRCLE
  5
BE
330
17
100
AcDbEntity
  8
CUT
100
AcDbCircle
 10
189.21941666666666
 20
80.38655864676142
 30
0.0
 40
1.1994444444444443
  0
LWPOLYLINE
  5
BF
330
17
100
AcDbEntity
  8
CUT
100
AcDbPolyline
 90
8
 70
1
 10
122.40683333333332
 20
58.16155864676137
 10
184.40752777777777
 20
58.16155864676137
 42
0.4142135623730951
 10
185.90683333333334
 20
59.66086420231693
 10
185.90683333333334
 20
59.66086420231693
 42
0.4142135623730951
 10
184.40752777777777
 20
61.16016975787249
 10
122.40683333333332
 20
61.16016975787249
 42
0.4142135623730951
 10
120.90752777777777
 20
59.66086420231693
 10
120.90752777777777
 20
59.66086420231693
 42
0.4142135623730951
  0
CIRCLE
  5
C0
330
17
100
AcDbEntity
  8
CUT
100
AcDbCircle
 10
117.90891666666666
 20
59.65733642453921
 30
0.0
 40
1.1994444444444443
  0
CIRCLE
  5
C1
330
17
100
AcDbEntity
  8
CUT
100
AcDbCircle
 10
188.90897222222222
 20
59.65733642453921
 30
0.0
 40
1.1994444444444443
  0
LWPOLYLINE
  5
C2
330
17
100
AcDbEntity
  8
CUT
100
AcDbPolyline
 90
4
 70
1
 10
275.4136111111111
 20
56.80689198009475
 10
321.7121666666667
 20
56.80689198009475
 10
321.7121666666667
 20
86.1050864245392
 10
275.4136111111111
 20
86.1050864245392
  0
CIRCLE
  5
C3
330
17
100
AcDbEntity
  8
CUT
100
AcDbCircle
 10
175.62336111111108
 20
118.5676975356503
 30
0.0
 40
3.051527777777778
  0
LWPOLYLINE
  5
C4
330
17
100
AcDbEntity
  8
CUT
100
AcDbPolyline
 90
4
 70
1
 10
132.41866666666667
 20
103.13014198009476
 10
172.72
 20
103.13014198009476
 10
172.72
 20
111.43100309120588
 10
132.41866666666667
 20
111.43100309120588
  0
LINE
  5
C5
330
17
100
AcDbEntity
  8
BEND
100
AcDbLine
 10
-10.0
 20
289.9154213034754
 30
0.0
 11
370.0
 21
289.9154213034754
 31
0.0
  0
TEXT
  5
C6
330
17
100
AcDbEntity
  8
NOTE
100
AcDbText
 10
372.0
 20
288.4154213034754
 30
0.0
 40
3.0
  1
BEND 45° (안쪽으로) R15
 11
372.0
 21
288.4154213034754
 31
0.0
100
AcDbText
  0
LINE
  5
C7
330
17
100
AcDbEntity
  8
BEND
100
AcDbLine
 10
-10.0
 20
29.971807101158447
 30
0.0
 11
370.0
 21
29.971807101158447
 31
0.0
  0
TEXT
  5
C8
330
17
100
AcDbEntity
  8
NOTE
100
AcDbText
 10
372.0
 20
28.471807101158447
 30
0.0
 40
3.0
  1
BEND 45° (안쪽으로) R15
 11
372.0
 21
28.471807101158447
 31
0.0
100
AcDbText
  0
HATCH
  5
C9
330
17
100
AcDbEntity
  8
MARK
 62
7
100
AcDbHatch
 10
0.0
 20
0.0
 30
0.0
210
0.0
220
0.0
230
1.0
  2
SOLID
 70
0
 71
0
 91
24
 92
3
 72
0
 73
1
 93
89
 10
73.12730555555555
 20
56.69753086898362
 10
72.86127599236418
 20
56.687739692226785
 10
72.60053052950175
 20
56.658826065972505
 10
72.34576101105043
 20
56.611479846245004
 10
72.0976592810923
 20
56.54639088906907
 10
71.85691718370956
 20
56.464249050468936
 10
71.62422656298432
 20
56.365744186469044
 10
71.40027926299877
 20
56.25156615309385
 10
71.18576712783496
 20
56.1224048063678
 10
70.9813820015751
 20
55.97895000231546
 10
70.78781572830133
 20
55.821891596960995
 10
70.6057601520958
 20
55.651919446328975
 10
70.4359071170406
 20
55.46972340644385
 10
70.27894846721792
 20
55.27599333333001
 10
70.13557604670987
 20
55.07141908301196
 10
70.00648169959862
 20
54.8566905115141
 10
69.89235726996631
 20
54.632497474860884
 10
69.79389460189508
 20
54.39952982907664
 10
69.71178553946703
 20
54.158477430186
 10
69.64672192676437
 20
53.91003013421317
 10
69.59939560786921
 20
53.654877797182735
 10
69.5704984268637
 20
53.39371027511913
 10
69.56072222783457
 20
53.12721734189597
 10
69.57053589057803
 20
52.860642637822366
 10
69.59948523183495
 20
52.5994388437249
 10
69.64687753739551
 20
52.344292702139114
 10
69.71202009305006
 20
52.09589095560045
 10
69.79422018458874
 20
51.854920346644576
 10
69.89278509780183
 20
51.62206761780709
 10
70.00702211847964
 20
51.39801951162326
 10
70.13623853241236
 20
51.18346277062864
 10
70.2797416253903
 20
50.97908413735894
 10
70.43683868320362
 20
50.785570354349716
 10
70.60683699164267
 20
50.60360816413629
 10
70.78904383649764
 20
50.43388430925427
 10
70.9827665035588
 20
50.2770855322392
 10
71.1873122786164
 20
50.13389857562669
 10
71.4019884474607
 20
50.005010181952116
 10
71.62610229588194
 20
49.89110709375103
 10
71.85896110967036
 20
49.79287605355904
 10
72.09987217461625
 20
49.71100380391158
 10
72.34814277650982
 20
49.64617708734431
 10
72.60308020114135
 20
49.59908264639256
 10
72.86399173430108
 20
49.57040722359204
 10
73.13018292986752
 20
49.56083756024378
 10
73.39618111475195
 20
49.57081572732278
 10
73.65692750223386
 20
49.599869223957796
 10
73.91172627254926
 20
49.647312170666964
 10
74.15988160593425
 20
49.71245868796893
 10
74.4006976826249
 20
49.79462289638212
 10
74.6334786828573
 20
49.89311891642478
 10
74.8575287868675
 20
50.007260868615504
 10
75.07215217489164
 20
50.13636287347259
 10
75.27665302716578
 20
50.27973905151447
 10
75.47033552392595
 20
50.43670352325961
 10
75.65250384540829
 20
50.606570409226435
 10
75.82246217184885
 20
50.78865382993342
 10
75.9795146834837
 20
50.98226790589888
 10
76.12296556054896
 20
51.18672675764128
 10
76.25211898328068
 20
51.40134450567899
 10
76.36627913191491
 20
51.625435270530545
 10
76.4647501866878
 20
51.858313172714304
 10
76.54683632783536
 20
52.09929233274863
 10
76.61184173559374
 20
52.347686871152064
 10
76.65907059019895
 20
52.602810908442905
 10
76.6878270718871
 20
52.86397856513963
 10
76.69741536556356
 20
53.130501638127726
 10
76.68741203982599
 20
53.39678711099987
 10
76.65831500622535
 20
53.65774513235789
 10
76.61081297247118
 20
53.91268699449239
 10
76.54559464627283
 20
54.16092398969397
 10
76.46334873533985
 20
54.40176741025306
 10
76.36476394738172
 20
54.634528548460196
 10
76.25052899010788
 20
54.85851869660587
 10
76.12133257122778
 20
55.073049146980736
 10
75.97786339845094
 20
55.27743119187528
 10
75.82081017948681
 20
55.47097612357999
 10
75.65086162204483
 20
55.6529952343854
 10
75.4687064338345
 20
55.82279981658212
 10
75.27503332256529
 20
55.979701162460515
 10
75.0705309959467
 20
56.1230105643113
 10
74.85588816168816
 20
56.25203931442485
 10
74.63179352749913
 20
56.366098705091815
 10
74.39893580108912
 20
56.46450002860263
 10
74.15800369016758
 20
56.54655457724783
 10
73.90968590244398
 20
56.611573643318025
 10
73.65467114562779
 20
56.65886851910375
 10
73.39364812742849
 20
56.687750496895376
 10
73.12730555555555
 20
56.69753086898362
 97
0
 92
3
 72
0
 73
1
 93
31
 10
73.12730555555555
 20
51.89269753565031
 10
72.8627462563518
 20
51.921061915781706
 10
72.61780453863898
 20
52.002208125809545
 10
72.3985513164974
 20
52.13021577018446
 10
72.2110575040074
 20
52.29916445335704
 10
72.06139401524929
 20
52.5031337797779
 10
71.95563176430345
 20
52.736203353897565
 10
71.89984166525016
 20
52.992452780166616
 10
71.89979212763866
 20
53.262334349308446
 10
71.95524492669351
 20
53.5184907498529
 10
72.06048351934055
 20
53.75148910390254
 10
72.20959452117964
 20
53.95541602705714
 10
72.39666454781057
 20
54.12435813491669
 10
72.61578021483325
 20
54.25240204308096
 10
72.86102813784753
 20
54.33363436714984
 10
73.12649493245321
 20
54.36214172272315
 10
73.39216479268988
 20
54.333780334241055
 10
73.63763298233341
 20
54.25239335478386
 10
73.85697866011874
 20
54.124051696525385
 10
74.04428143049641
 20
53.95482627354585
 10
74.19362089791706
 20
53.75078799992565
 10
74.29907666683125
 20
53.51800778974507
 10
74.3547283416896
 20
53.26255655708451
 10
74.35484883015097
 20
52.99379985875146
 10
74.29917309480666
 20
52.738139348063214
 10
74.19347130818716
 20
52.50513537557117
 10
74.04382158313798
 20
52.30086605412117
 10
73.8563020325047
 20
52.13140949655843
 10
73.63699076913282
 20
52.00284381572874
 10
73.39196590586793
 20
51.921247124477475
 10
73.12730555555555
 20
51.89269753565031
 97
0
 92
3
 72
0
 73
1
 93
533
 10
66.4809722222222
 20
49.20100309120585
 10
66.30330885500157
 20
49.12595099674104
 10
66.11715359021886
 20
49.05009617532056
 10
65.92241543877657
 20
48.97344562610567
 10
65.71900341157713
 20
48.896006348257856
 10
65.50682651952309
 20
48.81778534093826
 10
65.28579377351686
 20
48.738789603308305
 10
65.05581418446093
 20
48.65902613452948
 10
64.81679676325776
 20
48.57850193376299
 10
64.56865052080985
 20
48.49722400017026
 10
64.31128446801965
 20
48.41519933291261
 10
64.04460761578964
 20
48.33243493115134
 10
63.768528975022306
 20
48.24893779404778
 10
63.482957556620114
 20
48.1647149207634
 10
63.18780237148551
 20
48.07977331045947
 10
62.918142535261154
 20
48.00404697185968
 10
62.6758740604665
 20
47.938321755759034
 10
62.43302006807981
 20
47.874799836906334
 10
62.18960090054621
 20
47.81352062878864
 10
61.94563690031067
 20
47.75452354489329
 10
61.70114840981824
 20
47.69784799870729
 10
61.45615577151395
 20
47.64353340371832
 10
61.21067932784283
 20
47.59161917341322
 10
60.96473942124995
 20
47.542144721279385
 10
60.71835639418029
 20
47.49514946080433
 10
60.471550589078895
 20
47.45067280547494
 10
60.22434234839083
 20
47.4087541687785
 10
59.97675201456108
 20
47.36943296420253
 10
59.72879993003472
 20
47.33274860523409
 10
59.48050643725676
 20
47.2987405053604
 10
59.231891878672236
 20
47.26744807806881
 10
58.98297659672617
 20
47.23891073684649
 10
58.733780933863635
 20
47.21316789518073
 10
58.48432523252963
 20
47.19025896655876
 10
58.234629835169194
 20
47.170223364467915
 10
57.984715084227375
 20
47.15310050239532
 10
57.73460132214917
 20
47.13892979382837
 10
57.484308891379634
 20
47.127750652254235
 10
57.23385813436382
 20
47.119602491160094
 10
56.98326939354672
 20
47.11452472403329
 10
56.7325631192707
 20
47.11255864676144
 10
56.47075851598955
 20
47.11342224478108
 10
56.20733186204093
 20
47.116721864078045
 10
55.944521007072154
 20
47.122485121735224
 10
55.68234014710613
 20
47.130706270722385
 10
55.420803478165766
 20
47.141379564008844
 10
55.15992519627393
 20
47.15449925456443
 10
54.89971949745348
 20
47.17005959535862
 10
54.64020057772735
 20
47.18805483936103
 10
54.38138263311841
 20
47.20847923954125
 10
54.12327985964957
 20
47.23132704886865
 10
53.865906453343655
 20
47.25659252031329
 10
53.60927661022361
 20
47.284269906844315
 10
53.35340452631231
 20
47.31435346143144
 10
53.098304397632624
 20
47.346837437044314
 10
52.84399042020746
 20
47.381716086652546
 10
52.59047679005969
 20
47.41898366322562
 10
52.337777703212204
 20
47.458634419733244
 10
52.08590735568788
 20
47.50066260914491
 10
51.83487994350963
 20
47.545062484430275
 10
51.58470966270032
 20
47.59182829855882
 10
51.33541070928288
 20
47.6409543045001
 10
51.08699727928013
 20
47.69243475522387
 10
50.839483568715
 20
47.74626390369974
 10
50.59288377361038
 20
47.802436002897025
 10
50.34721208998912
 20
47.860945305785606
 10
50.102482713874146
 20
47.92178606533491
 10
49.85870984128833
 20
47.98495253451455
 10
49.615907668254536
 20
48.050438966294166
 10
49.37409039079571
 20
48.118239613643254
 10
49.13327220493469
 20
48.18834872953141
 10
48.89346730669439
 20
48.2607605669283
 10
48.65468989209767
 20
48.335469378803396
 10
48.41695415716743
 20
48.412469418126534
 10
48.180274297926566
 20
48.49175493786697
 10
47.94466451039794
 20
48.57332019099448
 10
47.71013899060446
 20
48.65715943047866
 10
47.47671193456904
 20
48.74326690928899
 10
47.244397538314516
 20
48.83163688039514
 10
47.01320999786381
 20
48.922263596766584
 10
46.78316350923978
 20
49.015141311373156
 10
46.55427226846533
 20
49.11026427718417
 10
46.32655047156335
 20
49.2076267471694
 10
46.10001231455672
 20
49.30722297429827
 10
45.87467199346835
 20
49.40904721154055
 10
45.65054370432109
 20
49.51309371186568
 10
45.42764164313785
 20
49.61935672824325
 10
45.20598000594151
 20
49.72783051364297
 10
44.98557298875495
 20
49.83850932103434
 10
44.76643478760108
 20
49.95138740338689
 10
44.54857959850277
 20
50.06645901367034
 10
44.33202161748291
 20
50.18371840485423
 10
44.11677504056439
 20
50.303159829908054
 10
43.90285406377009
 20
50.424777541801575
 10
43.69027288312291
 20
50.54856579350417
 10
43.47904569464573
 20
50.674518837985545
 10
43.269186694361416
 20
50.802630928215365
 10
43.0607100782929
 20
50.932896317163056
 10
42.85363004246303
 20
51.06530925779822
 10
42.64796078289472
 20
51.19986400309057
 10
42.443716495610836
 20
51.33655480600959
 10
42.24091137663427
 20
51.47537591952488
 10
42.03955962198793
 20
51.6163215966061
 10
41.83967542769467
 20
51.75938609022268
 10
41.6412729897774
 20
51.90456365334438
 10
41.44436650425901
 20
52.0518485389407
 10
41.24897016716236
 20
52.201234999981295
 10
41.05509817451038
 20
52.35271728943559
 10
40.86276472232591
 20
52.506289660273296
 10
40.671984006631874
 20
52.66194636546402
 10
40.48277022345113
 20
52.81968165797724
 10
40.2951375688066
 20
52.97948979078268
 10
40.10910023872113
 20
53.14136501684982
 10
39.924672429217644
 20
53.305301589148314
 10
39.74186833631901
 20
53.471293760647654
 10
39.560702156048116
 20
53.63933578431755
 10
39.381188084427855
 20
53.80942191312744
 10
39.20334031748111
 20
53.98154640004714
 10
39.02717305123076
 20
54.15570349804602
 10
38.85270048169972
 20
54.3318874600937
 10
38.67977913866064
 20
54.51027704818267
 10
38.50895876973413
 20
54.690469633901614
 10
38.34032676356447
 20
54.872379437887275
 10
38.17388923243516
 20
55.055990345937346
 10
38.009652288629624
 20
55.241286243850425
 10
37.84762204443134
 20
55.428251017424316
 10
37.687804612123756
 20
55.61686855245739
 10
37.53020610399033
 20
55.80712273474779
 10
37.37483263231452
 20
55.998997450093555
 10
37.221690309379795
 20
56.19247658429299
 10
37.07078524746962
 20
56.38754402314407
 10
36.92212355886744
 20
56.584183652445006
 10
36.7757113558567
 20
56.7823793579941
 10
36.63155475072089
 20
56.98211502558934
 10
36.48965985574345
 20
57.183374541028854
 10
36.35003278320784
 20
57.386141790111026
 10
36.21267964539753
 20
57.59040065863377
 10
36.077606554595974
 20
57.79613503239534
 10
35.944819623086616
 20
58.00332879719389
 10
35.814324963152934
 20
58.21196583882761
 10
35.68612868707839
 20
58.422030043094594
 10
35.560236907146425
 20
58.633505295792816
 10
35.43665573564051
 20
58.846375482720816
 10
35.31539128484409
 20
59.06062448967651
 10
35.19644966704064
 20
59.27623620245805
 10
35.07983699451363
 20
59.49319450686363
 10
34.96555937954649
 20
59.711483288691454
 10
34.853622934422695
 20
59.93108643373961
 10
34.744033771425705
 20
60.15198782780624
 10
34.63679800283896
 20
60.37417135668949
 10
34.531921740945954
 20
60.597620906187615
 10
34.429411098030116
 20
60.82232036209871
 10
34.32927218637492
 20
61.048253610220854
 10
34.23151111826381
 20
61.275404536352255
 10
34.13613400598026
 20
61.50375702629117
 10
34.043146961807736
 20
61.73329496583557
 10
33.95255609802968
 20
61.964002240783714
 10
33.86436752692955
 20
62.19586273693375
 10
33.77858736079082
 20
62.428860340083816
 10
33.69522171189693
 20
62.66297893603212
 10
33.614276692531355
 20
62.89820241057669
 10
33.53575841497756
 20
63.13451464951578
 10
33.459672991518985
 20
63.37189953864754
 10
33.38602653443909
 20
63.61034096377011
 10
33.31482515602134
 20
63.84982281068159
 10
33.2460749685492
 20
64.09032896518028
 10
33.17978208430612
 20
64.3318433130641
 10
33.11595261557557
 20
64.57434974013148
 10
33.05459267464099
 20
64.81783213218031
 10
32.99570837378587
 20
65.06227437500891
 10
32.93930582529364
 20
65.30766035441536
 10
32.88539114144776
 20
65.55397395619784
 10
32.833970434531714
 20
65.80119906615451
 10
32.78504981682893
 20
66.04931957008353
 10
32.73863540062289
 20
66.29831935378306
 10
32.69473329819704
 20
66.54818230305122
 10
32.65334962183485
 20
66.79889230368616
 10
32.614490483819765
 20
67.05043324148608
 10
32.57816199643526
 20
67.30278900224909
 10
32.54437027196479
 20
67.55594347177336
 10
32.5131214226918
 20
67.80988053585699
 10
32.48442156089977
 20
68.06458408029823
 10
32.45827679887214
 20
68.32003799089517
 10
32.43469324889237
 20
68.57622615344602
 10
32.413677023243935
 20
68.83313245374887
 10
32.39523423421029
 20
69.0907407776019
 10
32.37937099407488
 20
69.34903501080328
 10
32.36609341512118
 20
69.60799903915108
 10
32.35540760963264
 20
69.8676167484436
 10
32.34731968989272
 20
70.12787202447888
 10
32.341835768184886
 20
70.38874875305513
 10
32.33896195679258
 20
70.65023081997046
 10
32.338704367999284
 20
70.91230211102305
 10
32.34106911408845
 20
71.17494651201096
 10
32.346062307343516
 20
71.43814790873253
 10
32.35365486272578
 20
71.70793455494012
 10
32.36346204232866
 20
71.97659318661039
 10
32.37547812253843
 20
72.24396724818709
 10
32.38970105431279
 20
72.51004772388416
 10
32.40612878860941
 20
72.77482559791542
 10
32.42475927638603
 20
73.03829185449482
 10
32.44559046860032
 20
73.30043747783623
 10
32.46862031621
 20
73.56125345215352
 10
32.49384677017276
 20
73.82073076166063
 10
32.521267781446305
 20
74.0788603905713
 10
32.55088130098833
 20
74.33563332309959
 10
32.582685279756554
 20
74.5910405434592
 10
32.61667766870865
 20
74.8450730358642
 10
32.652856418802344
 20
75.09772178452832
 10
32.691219480995336
 20
75.34897777366547
 10
32.73176480624529
 20
75.59883198748972
 10
32.77449034550994
 20
75.84727541021456
 10
32.81939404974699
 20
76.09429902605427
 10
32.866473869914124
 20
76.33989381922254
 10
32.915727756969055
 20
76.58405077393328
 10
32.96715366186947
 20
76.8267608744004
 10
33.02074953557307
 20
77.06801510483771
 10
33.076513329037574
 20
77.30780444945921
 10
33.13444299322067
 20
77.54611989247869
 10
33.19453647908006
 20
77.78295241811003
 10
33.25679173757344
 20
78.01829301056719
 10
33.32120671965851
 20
78.25213265406398
 10
33.38777937629299
 20
78.48446233281427
 10
33.456507658434546
 20
78.71527303103201
 10
33.52738951704091
 20
78.94455573293112
 10
33.60042290306978
 20
79.17230142272533
 10
33.675605767478835
 20
79.39850108462858
 10
33.75293606122579
 20
79.62314570285477
 10
33.832411735268344
 20
79.84622626161789
 10
33.9140307405642
 20
80.0677337451317
 10
33.99779102807105
 20
80.28765913761006
 10
34.08369054874661
 20
80.50599342326697
 10
34.17684100000467
 20
80.73507433542574
 10
34.274258028713184
 20
80.96761064793378
 10
34.374125083965815
 20
81.1992235940321
 10
34.47638974601985
 20
81.42980833423533
 10
34.58099959513262
 20
81.65926002905809
 10
34.687902211561436
 20
81.88747383901489
 10
34.79704517556358
 20
82.1143449246205
 10
34.90837606739639
 20
82.33976844638943
 10
35.02184246731715
 20
82.5636395648364
 10
35.13739195558319
 20
82.7858534404759
 10
35.25497211245181
 20
83.00630523382273
 10
35.374530518180315
 20
83.22489010539135
 10
35.49601475302602
 20
83.4415032156964
 10
35.619372397246224
 20
83.65603972525255
 10
35.752379569650024
 20
83.86661643812221
 10
35.890989175158275
 20
84.07555505529228
 10
36.029598780666525
 20
84.28449367246236
 10
36.16820838617477
 20
84.49343228963241
 10
36.30681799168302
 20
84.70237090680249
 10
36.29519081292709
 20
84.88094061364447
 10
36.08631007382464
 20
85.01963742440847
 10
35.87742933472221
 20
85.1583342351725
 10
35.668548595619775
 20
85.29703104593654
 10
35.47449523574175
 20
85.3626449747724
 10
35.33618447408678
 20
85.1535084124632
 10
35.19787371243181
 20
84.944371850154
 10
35.05956295077684
 20
84.73523528784477
 10
34.92125218912187
 20
84.52609872553558
 10
34.782941427466895
 20
84.31696216322638
 10
34.6563653888714
 20
84.10060767063356
 10
34.53263637277694
 20
83.88245571615889
 10
34.41097805944353
 20
83.66303913572142
 10
34.291422598011756
 20
83.44239650828968
 10
34.174002137622146
 20
83.22056641283248
 10
34.05874882741527
 20
82.99758742831855
 10
33.94569481653169
 20
82.77349813371637
 10
33.83487225411196
 20
82.54833710799477
 10
33.7263132892966
 20
82.32214293012228
 10
33.620050071226224
 20
82.09495417906766
 10
33.51611474904134
 20
81.86680943379949
 10
33.41453947188254
 20
81.63774727328655
 10
33.31535638889036
 20
81.40780627649741
 10
33.21859764920534
 20
81.17702502240081
 10
33.12458174103374
 20
80.94621912902457
 10
33.03780721848918
 20
80.72775407203335
 10
32.9531054130699
 20
80.50777691113723
 10
32.87047777884739
 20
80.28629673428341
 10
32.789925769893166
 20
80.06332262941862
 10
32.711450840278744
 20
79.83886368448984
 10
32.63505444407562
 20
79.61292898744418
 10
32.560738035355314
 20
79.38552762622848
 10
32.48850306818936
 20
79.15666868878958
 10
32.418350996649245
 20
78.92636126307451
 10
32.35028327480647
 20
78.69461443703028
 10
32.28430135673256
 20
78.46143729860387
 10
32.22040669649905
 20
78.22683893574194
 10
32.158600748177406
 20
77.99082843639181
 10
32.09888496583917
 20
77.7534148885002
 10
32.04126080355584
 20
77.51460738001404
 10
31.985729715398953
 20
77.27441499888036
 10
31.932293155439964
 20
77.03284683304616
 10
31.88095257775044
 20
76.78991197045829
 10
31.831709436401873
 20
76.54561949906363
 10
31.784565185465766
 20
76.29997850680925
 10
31.73952127901364
 20
76.0529980816421
 10
31.696579171117012
 20
75.80468731150904
 10
31.65574031584737
 20
75.55505528435711
 10
31.617006167276255
 20
75.30411108813317
 10
31.580378179475154
 20
75.05186381078417
 10
31.54585780651559
 20
74.79832254025709
 10
31.513446502469073
 20
74.54349636449896
 10
31.483145721407112
 20
74.28739437145654
 10
31.454956917401216
 20
74.03002564907689
 10
31.428881544522906
 20
73.77139928530696
 10
31.404921056843687
 20
73.5115243680936
 10
31.383076908435072
 20
73.2504099853839
 10
31.36335055336856
 20
72.98806522512476
 10
31.34574344571568
 20
72.72449917526308
 10
31.33025703954794
 20
72.45972092374578
 10
31.31689278893684
 20
72.19373955851987
 10
31.3056521479539
 20
71.92656416753226
 10
31.296536570670632
 20
71.65820383872997
 10
31.289621670270122
 20
71.39068038763938
 10
31.28526541925736
 20
71.12788824253994
 10
31.28342480562266
 20
70.86562735473859
 10
31.284094298196596
 20
70.6039124592709
 10
31.287268365809762
 20
70.342758291172
 10
31.292941477292732
 20
70.08217958547726
 10
31.30110810147609
 20
69.82219107722213
 10
31.311762707190454
 20
69.56280750144171
 10
31.32489976326639
 20
69.30404359317143
 10
31.340513738534494
 20
69.04591408744656
 10
31.35859910182533
 20
68.78843371930245
 10
31.379150321969515
 20
68.53161722377436
 10
31.40216186779763
 20
68.27547933589773
 10
31.427628208140234
 20
68.02003479070785
 10
31.455543811827944
 20
67.76529832323988
 10
31.485903147691346
 20
67.51128466852924
 10
31.518700684561015
 20
67.25800856161129
 10
31.553930891267544
 20
67.00548473752127
 10
31.59158823664151
 20
66.75372793129463
 10
31.631667189513525
 20
66.50275287796646
 10
31.67416221871415
 20
66.25257431257222
 10
31.719067793073986
 20
66.00320697014732
 10
31.766378381423614
 20
65.75466558572688
 10
31.816088452593636
 20
65.50696489434623
 10
31.86819247541462
 20
65.26011963104085
 10
31.922684918717156
 20
65.0141445308459
 10
31.97956025133185
 20
64.76905432879673
 10
32.038812942089265
 20
64.5248637599287
 10
32.10043745982
 20
64.2815875592772
 10
32.16442827335464
 20
64.03924046187734
 10
32.230779851523785
 20
63.797837202764526
 10
32.299486663158
 20
63.55739251697412
 10
32.370543177087875
 20
63.31792113954151
 10
32.44394386214401
 20
63.07943780550181
 10
32.519683187156986
 20
62.84195724989053
 10
32.5977556209574
 20
62.60549420774282
 10
32.67815563237582
 20
62.37006341409409
 10
32.76087769024285
 20
62.13567960397961
 10
32.84591626338907
 20
61.90235751243466
 10
32.93326582064507
 20
61.67011187449475
 10
33.02292083084143
 20
61.438957425194985
 10
33.11487576280874
 20
61.20890889957087
 10
33.2091250853776
 20
60.97998103265746
 10
33.30566326737857
 20
60.75218855949032
 10
33.40448477764226
 20
60.52554621510461
 10
33.50558408499927
 20
60.30006873453567
 10
33.60895565828015
 20
60.07577085281889
 10
33.714593966315505
 20
59.85266730498955
 10
33.822493477935936
 20
59.63077282608293
 10
33.93264866197201
 20
59.410102151134424
 10
34.045053987254306
 20
59.19067001517931
 10
34.15970392261345
 20
58.97249115325275
 10
34.27659293687999
 20
58.75558030039031
 10
34.39571549888455
 20
58.53995219162721
 10
34.51706607745767
 20
58.32562156199873
 10
34.64063914142998
 20
58.11260314654021
 10
34.76642915963205
 20
57.90091168028698
 10
34.89443060089445
 20
57.690561898274325
 10
35.02463793404781
 20
57.48156853553752
 10
35.15704562792268
 20
57.273946327112014
 10
35.29164815134965
 20
57.067710008032975
 10
35.42843997315933
 20
56.862874313335794
 10
35.56741556218229
 20
56.65945397805581
 10
35.70856938724912
 20
56.457463737228295
 10
35.85189591719042
 20
56.25691832588865
 10
35.99738962083675
 20
56.057832479071976
 10
36.14504496701871
 20
55.86022093181384
 10
36.2948564245669
 20
55.66409841914947
 10
36.446818462311896
 20
55.46947967611408
 10
36.600925549084295
 20
55.27637943774306
 10
36.757172153714656
 20
55.08481243907181
 10
36.915552745033594
 20
54.894793415135496
 10
37.076061791871695
 20
54.70633710096956
 10
37.23869376305953
 20
54.519458231609235
 10
37.40344312742771
 20
54.334171542089905
 10
37.57030435380679
 20
54.150491767446795
 10
37.73927191102737
 20
53.9684336427153
 10
37.91034026792007
 20
53.78801190293069
 10
38.083461327995394
 20
53.609267407598566
 10
38.257979281876736
 20
53.4326085858462
 10
38.43411732170319
 20
53.25789547030911
 10
38.61186238605871
 20
53.085133361271915
 10
38.79120141352723
 20
52.914327559019455
 10
38.97212134269271
 20
52.74548336383657
 10
39.15460911213907
 20
52.578606076007986
 10
39.33865166045028
 20
52.41370099581843
 10
39.524235926210274
 20
52.2507734235528
 10
39.711348848002984
 20
52.08982865949588
 10
39.899977364412415
 20
51.930872003932166
 10
40.09010841402244
 20
51.77390875714673
 10
40.28172893541705
 20
51.618944219424236
 10
40.47482586718016
 20
51.46598369104959
 10
40.66938614789573
 20
51.31503247230734
 10
40.86539671614774
 20
51.16609586348227
 10
41.06284451052006
 20
51.01917916485945
 10
41.26171646959669
 20
50.874287676723384
 10
41.46199953196158
 20
50.731426699358906
 10
41.663680636198656
 20
50.59060153305086
 10
41.866746720891854
 20
50.45181747808397
 10
42.07118472462514
 20
50.31507983474296
 10
42.276981585982455
 20
50.18039390331273
 10
42.48412424354774
 20
50.04776498407796
 10
42.69259963590494
 20
49.91719837732347
 10
42.902394701638016
 20
49.788699383334006
 10
43.11349637933089
 20
49.6622733023944
 10
43.3258916075675
 20
49.53792543478937
 10
43.539567324931845
 20
49.41566108080366
 10
43.75451047000782
 20
49.2954855407221
 10
43.970707981379384
 20
49.17740411482953
 10
44.188146797630495
 20
49.061422103410564
 10
44.40681385734509
 20
48.9475448067501
 10
44.62669609910708
 20
48.83577752513298
 10
44.847780461500484
 20
48.72612555884376
 10
45.0700538831092
 20
48.61859420816728
 10
45.29350330251718
 20
48.51318877338855
 10
45.51811565830836
 20
48.409914554792124
 10
45.7438778890667
 20
48.30877685266279
 10
45.970776933376165
 20
48.209780967285326
 10
46.19879972982064
 20
48.11293219894458
 10
46.42793321698413
 20
48.01823584792521
 10
46.658164333450564
 20
47.925697214512184
 10
46.889480017803876
 20
47.83532159899005
 10
47.12186720862804
 20
47.74711430164376
 10
47.35531284450694
 20
47.66108062275805
 10
47.58980386402458
 20
47.57722586261764
 10
47.82532720576489
 20
47.49555532150731
 10
48.06186980831181
 20
47.41607429971185
 10
48.29941861024929
 20
47.3387880975161
 10
48.53796055016129
 20
47.263702015204785
 10
48.777482566631726
 20
47.19082135306263
 10
49.017971598244536
 20
47.12015141137448
 10
49.25941458358373
 20
47.051697490425056
 10
49.50179846123318
 20
46.9854648904992
 10
49.74511016977688
 20
46.9214589118817
 10
49.98933664779875
 20
46.85968485485728
 10
50.23446483388273
 20
46.80014801971066
 10
50.48048166661281
 20
46.74285370672675
 10
50.72737408457289
 20
46.68780721619015
 10
50.975129026346934
 20
46.63501384838577
 10
51.223733430518884
 20
46.58447890359838
 10
51.47317423567268
 20
46.536207682112774
 10
51.72343838039228
 20
46.490205484213675
 10
51.974512803261625
 20
46.44647761018581
 10
52.22638444286465
 20
46.40502936031402
 10
52.47904023778533
 20
46.36586603488314
 10
52.73246712660757
 20
46.32899293417779
 10
52.986652047915335
 20
46.29441535848292
 10
53.24158194029258
 20
46.26213860808315
 10
53.49724374232324
 20
46.23216798326342
 10
53.75362439259128
 20
46.2045087843083
 10
54.01071082968061
 20
46.17916631150274
 10
54.2684899921752
 20
46.156145865131464
 10
54.52694881865899
 20
46.1354527454792
 10
54.78607424771592
 20
46.11709225283079
 10
55.04585321792995
 20
46.101069687470954
 10
55.30627266788501
 20
46.08739034968454
 10
55.567319536165044
 20
46.076059539756216
 10
55.82898076135404
 20
46.06708255797088
 10
56.09124328203588
 20
46.06046470461314
 10
56.35409403679454
 20
46.056211279967954
 10
56.617519964214
 20
46.05432758431999
 10
56.872732360384035
 20
46.054851009393985
 10
57.12426820600052
 20
46.05787074846444
 10
57.375650787393916
 20
46.0633833543792
 10
57.62685866566165
 20
46.0713796390375
 10
57.877870401901234
 20
46.08185041433808
 10
58.12866455721018
 20
46.09478649217982
 10
58.37921969268598
 20
46.11017868446186
 10
58.629514369426204
 20
46.12801780308274
 10
58.879527148528226
 20
46.14829465994177
 10
59.129236591089686
 20
46.17100006693772
 10
59.378621258207986
 20
46.1961248359695
 10
59.62765971098067
 20
46.22365977893617
 10
59.876330510505234
 20
46.25359570773651
 10
60.12461221787916
 20
46.285923434269534
 10
60.37248339419999
 20
46.32063377043414
 10
60.61992260056521
 20
46.35771752812923
 10
60.86690839807229
 20
46.39716551925386
 10
61.11341934781879
 20
46.438968555706765
 10
61.35943401090218
 20
46.48311744938695
 10
61.52437268995032
 20
46.3101312138449
 10
61.638315062728644
 20
46.02327493244002
 10
61.74146970319046
 20
45.73903705874949
 10
61.834110306278376
 20
45.461053825582496
 10
61.91651056693504
 20
45.19296146574828
 10
61.98894418010305
 20
44.93839621205615
 10
62.05168484072508
 20
44.70099429731533
 10
62.10500624374373
 20
44.48439195433497
 10
62.14918208410166
 20
44.29222541592429
 10
62.18448605674147
 20
44.12813091489272
 10
62.25906406660717
 20
43.96827862528744
 10
62.45799504147282
 20
44.0794814226532
 10
62.61982213106713
 20
44.2710015562098
 10
62.781649220661436
 20
44.46252168976639
 10
62.94347631025575
 20
44.65404182332293
 10
63.10530339985006
 20
44.84556195687952
 10
63.26713048944436
 20
45.03708209043606
 10
63.42895757903867
 20
45.22860222399265
 10
63.590784668632985
 20
45.420122357549246
 10
63.75261175822729
 20
45.61164249110578
 10
63.9144388478216
 20
45.80316262466238
 10
64.07626593741591
 20
45.994682758218914
 10
64.23809302701022
 20
46.18620289177551
 10
64.39992011660453
 20
46.377723025332045
 10
64.56174720619883
 20
46.56924315888858
 10
64.72357429579316
 20
46.760763292445176
 10
64.88540138538745
 20
46.95228342600177
 10
65.04722847498175
 20
47.14380355955831
 10
65.20905556457608
 20
47.3353236931149
 10
65.37088265417037
 20
47.52684382667144
 10
65.53270974376468
 20
47.71836396022803
 10
65.694536833359
 20
47.90988409378457
 10
65.85636392295329
 20
48.10140422734116
 10
66.01819101254762
 20
48.29292436089776
 10
66.18001810214191
 20
48.484444494454294
 10
66.34184519173623
 20
48.67596462801089
 10
66.50367228133054
 20
48.867484761567425
 10
66.64699100778543
 20
49.07323039122895
 10
66.4809722222222
 20
49.20100309120585
 97
0
 92
3
 72
0
 73
1
 93
69
 10
104.09766666666665
 20
84.33414198009473
 10
104.09766666666665
 20
84.07806681669604
 10
104.09766666666665
 20
83.82199165329735
 10
104.09766666666665
 20
83.56591648989868
 10
104.09766666666665
 20
83.30984132649996
 10
104.09766666666665
 20
83.05376616310127
 10
104.09766666666665
 20
82.79769099970258
 10
104.09766666666665
 20
82.54161583630386
 10
104.09766666666665
 20
82.2855406729052
 10
104.09766666666665
 20
82.02946550950651
 10
104.09766666666665
 20
81.77339034610782
 10
104.09766666666665
 20
81.5173151827091
 10
104.09766666666665
 20
81.2612400193104
 10
104.09766666666665
 20
81.00516485591174
 10
104.09766666666665
 20
80.74908969251305
 10
104.09766666666665
 20
80.49301452911433
 10
104.09766666666665
 20
80.23693936571564
 10
104.09766666666665
 20
79.98086420231695
 10
104.09766666666665
 20
79.72478903891823
 10
104.09766666666665
 20
79.4687138755196
 10
104.09766666666665
 20
79.21263871212088
 10
104.09766666666665
 20
78.95656354872219
 10
104.09766666666665
 20
78.7004883853235
 10
104.09766666666665
 20
78.44441322192478
 10
104.09766666666665
 20
78.18833805852611
 10
104.09766666666665
 20
77.93226289512742
 10
104.09766666666665
 20
77.67618773172873
 10
104.09766666666665
 20
77.42011256833001
 10
104.09766666666665
 20
77.16403740493132
 10
104.09766666666665
 20
76.90796224153266
 10
104.09766666666665
 20
76.65188707813397
 10
104.05450326797384
 20
76.43897531342807
 10
103.79842810457514
 20
76.43897531342807
 10
103.54235294117646
 20
76.43897531342807
 10
103.28627777777776
 20
76.43897531342807
 10
103.28627777777776
 20
76.69505047682676
 10
103.28627777777776
 20
76.95112564022546
 10
103.28627777777776
 20
77.20720080362412
 10
103.28627777777776
 20
77.46327596702284
 10
103.28627777777776
 20
77.71935113042153
 10
103.28627777777776
 20
77.97542629382022
 10
103.28627777777776
 20
78.23150145721894
 10
103.28627777777776
 20
78.4875766206176
 10
103.28627777777776
 20
78.7436517840163
 10
103.28627777777776
 20
78.99972694741498
 10
103.28627777777776
 20
79.2558021108137
 10
103.28627777777776
 20
79.5118772742124
 10
103.28627777777776
 20
79.76795243761109
 10
103.28627777777776
 20
80.02402760100975
 10
103.28627777777776
 20
80.28010276440847
 10
103.28627777777776
 20
80.53617792780716
 10
103.28627777777776
 20
80.79225309120585
 10
103.28627777777776
 20
81.04832825460457
 10
103.28627777777776
 20
81.3044034180032
 10
103.28627777777776
 20
81.56047858140192
 10
103.28627777777776
 20
81.81655374480061
 10
103.28627777777776
 20
82.0726289081993
 10
103.28627777777776
 20
82.32870407159803
 10
103.28627777777776
 20
82.58477923499669
 10
103.28627777777776
 20
82.84085439839538
 10
103.28627777777776
 20
83.09692956179407
 10
103.28627777777776
 20
83.35300472519279
 10
103.28627777777776
 20
83.60907988859148
 10
103.28627777777776
 20
83.86515505199014
 10
103.28627777777776
 20
84.12123021538883
 10
103.32944117647057
 20
84.33414198009473
 10
103.58551633986927
 20
84.33414198009473
 10
103.84159150326795
 20
84.33414198009473
 10
104.09766666666665
 20
84.33414198009473
 97
0
 92
3
 72
0
 73
1
 93
69
 10
112.76541666666665
 20
84.33414198009473
 10
112.76541666666665
 20
84.07806681669604
 10
112.76541666666665
 20
83.82199165329735
 10
112.76541666666665
 20
83.56591648989868
 10
112.76541666666665
 20
83.30984132649996
 10
112.76541666666665
 20
83.05376616310127
 10
112.76541666666665
 20
82.79769099970258
 10
112.76541666666665
 20
82.54161583630386
 10
112.76541666666665
 20
82.2855406729052
 10
112.76541666666665
 20
82.02946550950651
 10
112.76541666666665
 20
81.77339034610782
 10
112.76541666666665
 20
81.5173151827091
 10
112.76541666666665
 20
81.2612400193104
 10
112.76541666666665
 20
81.00516485591174
 10
112.76541666666665
 20
80.74908969251305
 10
112.76541666666665
 20
80.49301452911433
 10
112.76541666666665
 20
80.23693936571564
 10
112.76541666666665
 20
79.98086420231695
 10
112.76541666666665
 20
79.72478903891823
 10
112.76541666666665
 20
79.4687138755196
 10
112.76541666666665
 20
79.21263871212088
 10
112.76541666666665
 20
78.95656354872219
 10
112.76541666666665
 20
78.7004883853235
 10
112.76541666666665
 20
78.44441322192478
 10
112.76541666666665
 20
78.18833805852611
 10
112.76541666666665
 20
77.93226289512742
 10
112.76541666666665
 20
77.67618773172873
 10
112.76541666666665
 20
77.42011256833001
 10
112.76541666666665
 20
77.16403740493132
 10
112.76541666666665
 20
76.90796224153266
 10
112.76541666666665
 20
76.65188707813397
 10
112.72225326797384
 20
76.43897531342807
 10
112.46617810457514
 20
76.43897531342807
 10
112.21010294117646
 20
76.43897531342807
 10
111.95402777777775
 20
76.43897531342807
 10
111.95402777777775
 20
76.69505047682676
 10
111.95402777777775
 20
76.95112564022546
 10
111.95402777777775
 20
77.20720080362412
 10
111.95402777777775
 20
77.46327596702284
 10
111.95402777777775
 20
77.71935113042153
 10
111.95402777777775
 20
77.97542629382022
 10
111.95402777777775
 20
78.23150145721894
 10
111.95402777777775
 20
78.4875766206176
 10
111.95402777777775
 20
78.7436517840163
 10
111.95402777777775
 20
78.99972694741498
 10
111.95402777777775
 20
79.2558021108137
 10
111.95402777777775
 20
79.5118772742124
 10
111.95402777777775
 20
79.76795243761109
 10
111.95402777777775
 20
80.02402760100975
 10
111.95402777777775
 20
80.28010276440847
 10
111.95402777777775
 20
80.53617792780716
 10
111.95402777777775
 20
80.79225309120585
 10
111.95402777777775
 20
81.04832825460457
 10
111.95402777777775
 20
81.3044034180032
 10
111.95402777777775
 20
81.56047858140192
 10
111.95402777777775
 20
81.81655374480061
 10
111.95402777777775
 20
82.0726289081993
 10
111.95402777777775
 20
82.32870407159803
 10
111.95402777777775
 20
82.58477923499669
 10
111.95402777777775
 20
82.84085439839538
 10
111.95402777777775
 20
83.09692956179407
 10
111.95402777777775
 20
83.35300472519279
 10
111.95402777777775
 20
83.60907988859148
 10
111.95402777777775
 20
83.86515505199014
 10
111.95402777777775
 20
84.12123021538883
 10
111.99719117647057
 20
84.33414198009473
 10
112.25326633986927
 20
84.33414198009473
 10
112.50934150326795
 20
84.33414198009473
 10
112.76541666666665
 20
84.33414198009473
 97
0
 92
3
 72
0
 73
1
 93
40
 10
108.07347222222222
 20
80.6264475356503
 10
108.3473992934527
 20
80.61414978335148
 10
108.60603975959384
 20
80.57698265354591
 10
108.84939362064553
 20
80.51453533686978
 10
109.08668151828509
 20
80.42188172018464
 10
109.32054091754718
 20
80.29161341371912
 10
109.51987258172866
 20
80.13438815441671
 10
109.68588241717008
 20
79.94758386190392
 10
109.81801051633771
 20
79.72477466278622
 10
109.89096005329039
 20
79.48099723872096
 10
109.90645497942914
 20
79.21932106476302
 10
109.86488084351855
 20
78.96507705588303
 10
109.76667724345486
 20
78.72905545905988
 10
109.61808715554713
 20
78.51952148255495
 10
109.43931379605922
 20
78.34683282894932
 10
109.2249465305631
 20
78.20128071872841
 10
108.98053637139306
 20
78.08662422875571
 10
108.74768727502752
 20
78.01077075338645
 10
108.49802682463648
 20
77.95831666289996
 10
108.23155502022006
 20
77.92967262332422
 10
107.95356566864129
 20
77.9277754114182
 10
107.68779648255023
 20
77.95381335039158
 10
107.4360891353458
 20
78.00424110278385
 10
107.1984436270281
 20
78.07863417301067
 10
106.95484517874765
 20
78.19145846388048
 10
106.73773875014109
 20
78.33494963359348
 10
106.55569210053392
 20
78.50521368864534
 10
106.40606540256252
 20
78.71373482601541
 10
106.30649166820311
 20
78.9490586292898
 10
106.26253751036822
 20
79.20207957054924
 10
106.2744368442556
 20
79.46527761805692
 10
106.34284537162874
 20
79.7113521600277
 10
106.4678022172569
 20
79.93637118717521
 10
106.63172826288759
 20
80.124479496997
 10
106.82860759210067
 20
80.28405720586031
 10
107.0606623378505
 20
80.41694443877478
 10
107.29852479293683
 20
80.51207750505364
 10
107.54122106554271
 20
80.57589927954425
 10
107.79953687530453
 20
80.61388118877466
 10
108.07347222222222
 20
80.6264475356503
 97
0
 92
3
 72
0
 73
1
 93
16
 10
108.07347222222222
 20
79.74097531342807
 10
107.81093369613644
 20
79.71621315322093
 10
107.56762212988568
 20
79.6325955647942
 10
107.39628085048138
 20
79.45944157879998
 10
107.36333938398283
 20
79.20409885481203
 10
107.47779474727419
 20
78.98507761962105
 10
107.70227217310779
 20
78.85929238352949
 10
107.9466559232751
 20
78.81262426553553
 10
108.22259281090285
 20
78.81291745973218
 10
108.46382987663267
 20
78.86329191505072
 10
108.68460385437555
 20
78.99207886346693
 10
108.7955511717598
 20
79.2113151627207
 10
108.7552852969373
 20
79.46805021615131
 10
108.57883142273934
 20
79.63596517866546
 10
108.33988719386514
 20
79.71712071793615
 10
108.07347222222222
 20
79.74097531342807
 97
0
 92
3
 72
0
 73
1
 93
49
 10
108.62027777777776
 20
81.80825309120584
 10
108.87927546296295
 20
81.80825309120584
 10
109.13827314814814
 20
81.80825309120584
 10
109.39727083333331
 20
81.80825309120584
 10
109.6562685185185
 20
81.80825309120584
 10
109.9152662037037
 20
81.80825309120584
 10
110.17426388888889
 20
81.80825309120584
 10
110.33477777777776
 20
81.70976929490953
 10
110.33477777777776
 20
81.45077160972437
 10
110.33477777777776
 20
81.1917739245392
 10
110.33066203703703
 20
80.93689198009474
 10
110.07166435185185
 20
80.93689198009474
 10
109.81266666666667
 20
80.93689198009474
 10
109.55366898148148
 20
80.93689198009474
 10
109.29467129629629
 20
80.93689198009474
 10
109.03567361111112
 20
80.93689198009474
 10
108.77667592592593
 20
80.93689198009474
 10
108.51767824074074
 20
80.93689198009474
 10
108.25868055555554
 20
80.93689198009474
 10
107.99968287037038
 20
80.93689198009474
 10
107.74068518518519
 20
80.93689198009474
 10
107.48168749999999
 20
80.93689198009474
 10
107.2226898148148
 20
80.93689198009474
 10
106.96369212962964
 20
80.93689198009474
 10
106.70469444444444
 20
80.93689198009474
 10
106.44569675925925
 20
80.93689198009474
 10
106.18669907407407
 20
80.93689198009474
 10
105.92770138888889
 20
80.93689198009474
 10
105.80158333333331
 20
81.06977160972437
 10
105.80158333333331
 20
81.32876929490953
 10
105.80158333333331
 20
81.5877669800947
 10
105.84009490740735
 20
81.80825309120584
 10
106.09909259259254
 20
81.80825309120584
 10
106.35809027777773
 20
81.80825309120584
 10
106.61708796296293
 20
81.80825309120584
 10
106.87608564814809
 20
81.80825309120584
 10
107.13508333333328
 20
81.80825309120584
 10
107.39408101851848
 20
81.80825309120584
 10
107.55488888888888
 20
81.90644290602063
 10
107.55488888888888
 20
82.16544059120582
 10
107.55488888888888
 20
82.42443827639102
 10
107.61868287037034
 20
82.61964198009474
 10
107.87768055555553
 20
82.61964198009474
 10
108.13667824074071
 20
82.61964198009474
 10
108.39567592592589
 20
82.61964198009474
 10
108.62027777777776
 20
82.58524614676139
 10
108.62027777777776
 20
82.32624846157623
 10
108.62027777777776
 20
82.06725077639103
 10
108.62027777777776
 20
81.80825309120584
 97
0
 92
3
 72
0
 73
1
 93
84
 10
112.91358333333332
 20
62.9099475356503
 10
112.65898828647924
 20
62.9099475356503
 10
112.40439323962515
 20
62.9099475356503
 10
112.14979819277107
 20
62.9099475356503
 10
111.89520314591698
 20
62.9099475356503
 10
111.6406080990629
 20
62.9099475356503
 10
111.38601305220884
 20
62.9099475356503
 10
111.13141800535475
 20
62.9099475356503
 10
110.87682295850067
 20
62.9099475356503
 10
110.62222791164658
 20
62.9099475356503
 10
110.3676328647925
 20
62.9099475356503
 10
110.11303781793842
 20
62.9099475356503
 10
109.85844277108433
 20
62.9099475356503
 10
109.60384772423025
 20
62.9099475356503
 10
109.34925267737616
 20
62.9099475356503
 10
109.09465763052208
 20
62.9099475356503
 10
108.84006258366801
 20
62.9099475356503
 10
108.58546753681391
 20
62.9099475356503
 10
108.33087248995984
 20
62.9099475356503
 10
108.07627744310575
 20
62.9099475356503
 10
107.82168239625167
 20
62.9099475356503
 10
107.5670873493976
 20
62.9099475356503
 10
107.3124923025435
 20
62.9099475356503
 10
107.05789725568943
 20
62.9099475356503
 10
106.80330220883533
 20
62.9099475356503
 10
106.54870716198126
 20
62.9099475356503
 10
106.29411211512719
 20
62.9099475356503
 10
106.03951706827308
 20
62.9099475356503
 10
105.78492202141902
 20
62.9099475356503
 10
105.53032697456493
 20
62.9099475356503
 10
105.27573192771085
 20
62.9099475356503
 10
105.02113688085677
 20
62.9099475356503
 10
104.76654183400268
 20
62.9099475356503
 10
104.5119467871486
 20
62.9099475356503
 10
104.25735174029451
 20
62.9099475356503
 10
104.00275669344043
 20
62.9099475356503
 10
103.74816164658635
 20
62.9099475356503
 10
103.49356659973226
 20
62.9099475356503
 10
103.2389715528782
 20
62.9099475356503
 10
103.15927777777777
 20
63.084848807403944
 10
103.15927777777777
 20
63.339443854258036
 10
103.15927777777777
 20
63.59403890111213
 10
103.28657530120482
 20
63.721336424539174
 10
103.5411703480589
 20
63.721336424539174
 10
103.79576539491299
 20
63.721336424539174
 10
104.05036044176707
 20
63.721336424539174
 10
104.30495548862113
 20
63.721336424539174
 10
104.55955053547524
 20
63.721336424539174
 10
104.8141455823293
 20
63.721336424539174
 10
105.06874062918341
 20
63.721336424539174
 10
105.32333567603747
 20
63.721336424539174
 10
105.57793072289155
 20
63.721336424539174
 10
105.83252576974564
 20
63.721336424539174
 10
106.08712081659972
 20
63.721336424539174
 10
106.3417158634538
 20
63.721336424539174
 10
106.59631091030789
 20
63.721336424539174
 10
106.85090595716197
 20
63.721336424539174
 10
107.10550100401606
 20
63.721336424539174
 10
107.36009605087013
 20
63.721336424539174
 10
107.61469109772423
 20
63.721336424539174
 10
107.8692861445783
 20
63.721336424539174
 10
108.12388119143237
 20
63.721336424539174
 10
108.37847623828647
 20
63.721336424539174
 10
108.63307128514055
 20
63.721336424539174
 10
108.88766633199464
 20
63.721336424539174
 10
109.14226137884872
 20
63.721336424539174
 10
109.3968564257028
 20
63.721336424539174
 10
109.65145147255689
 20
63.721336424539174
 10
109.90604651941095
 20
63.721336424539174
 10
110.16064156626503
 20
63.721336424539174
 10
110.41523661311912
 20
63.721336424539174
 10
110.6698316599732
 20
63.721336424539174
 10
110.92442670682729
 20
63.721336424539174
 10
111.17902175368137
 20
63.721336424539174
 10
111.43361680053546
 20
63.721336424539174
 10
111.68821184738954
 20
63.721336424539174
 10
111.94280689424362
 20
63.721336424539174
 10
112.19740194109771
 20
63.721336424539174
 10
112.45199698795179
 20
63.721336424539174
 10
112.70659203480588
 20
63.721336424539174
 10
112.91358333333332
 20
63.67373267621258
 10
112.91358333333332
 20
63.41913762935843
 10
112.91358333333332
 20
63.164542582504396
 10
112.91358333333332
 20
62.9099475356503
 97
0
 92
3
 72
0
 73
1
 93
84
 10
112.91358333333332
 20
55.59333642453919
 10
112.65898828647924
 20
55.59333642453919
 10
112.40439323962515
 20
55.59333642453919
 10
112.14979819277107
 20
55.59333642453919
 10
111.89520314591698
 20
55.59333642453919
 10
111.6406080990629
 20
55.59333642453919
 10
111.38601305220884
 20
55.59333642453919
 10
111.13141800535475
 20
55.59333642453919
 10
110.87682295850067
 20
55.59333642453919
 10
110.62222791164658
 20
55.59333642453919
 10
110.3676328647925
 20
55.59333642453919
 10
110.11303781793842
 20
55.59333642453919
 10
109.85844277108433
 20
55.59333642453919
 10
109.60384772423025
 20
55.59333642453919
 10
109.34925267737616
 20
55.59333642453919
 10
109.09465763052208
 20
55.59333642453919
 10
108.84006258366801
 20
55.59333642453919
 10
108.58546753681391
 20
55.59333642453919
 10
108.33087248995984
 20
55.59333642453919
 10
108.07627744310575
 20
55.59333642453919
 10
107.82168239625167
 20
55.59333642453919
 10
107.5670873493976
 20
55.59333642453919
 10
107.3124923025435
 20
55.59333642453919
 10
107.05789725568943
 20
55.59333642453919
 10
106.80330220883533
 20
55.59333642453919
 10
106.54870716198126
 20
55.59333642453919
 10
106.29411211512719
 20
55.59333642453919
 10
106.03951706827308
 20
55.59333642453919
 10
105.78492202141902
 20
55.59333642453919
 10
105.53032697456493
 20
55.59333642453919
 10
105.27573192771085
 20
55.59333642453919
 10
105.02113688085677
 20
55.59333642453919
 10
104.76654183400268
 20
55.59333642453919
 10
104.5119467871486
 20
55.59333642453919
 10
104.25735174029451
 20
55.59333642453919
 10
104.00275669344043
 20
55.59333642453919
 10
103.74816164658635
 20
55.59333642453919
 10
103.49356659973226
 20
55.59333642453919
 10
103.2389715528782
 20
55.59333642453919
 10
103.15927777777777
 20
55.76823769629283
 10
103.15927777777777
 20
56.02283274314692
 10
103.15927777777777
 20
56.27742779000107
 10
103.28657530120482
 20
56.40472531342806
 10
103.5411703480589
 20
56.40472531342806
 10
103.79576539491299
 20
56.40472531342806
 10
104.05036044176707
 20
56.40472531342806
 10
104.30495548862113
 20
56.40472531342806
 10
104.55955053547524
 20
56.40472531342806
 10
104.8141455823293
 20
56.40472531342806
 10
105.06874062918341
 20
56.40472531342806
 10
105.32333567603747
 20
56.40472531342806
 10
105.57793072289155
 20
56.40472531342806
 10
105.83252576974564
 20
56.40472531342806
 10
106.08712081659972
 20
56.40472531342806
 10
106.3417158634538
 20
56.40472531342806
 10
106.59631091030789
 20
56.40472531342806
 10
106.85090595716197
 20
56.40472531342806
 10
107.10550100401606
 20
56.40472531342806
 10
107.36009605087013
 20
56.40472531342806
 10
107.61469109772423
 20
56.40472531342806
 10
107.8692861445783
 20
56.40472531342806
 10
108.12388119143237
 20
56.40472531342806
 10
108.37847623828647
 20
56.40472531342806
 10
108.63307128514055
 20
56.40472531342806
 10
108.88766633199464
 20
56.40472531342806
 10
109.14226137884872
 20
56.40472531342806
 10
109.3968564257028
 20
56.40472531342806
 10
109.65145147255689
 20
56.40472531342806
 10
109.90604651941095
 20
56.40472531342806
 10
110.16064156626503
 20
56.40472531342806
 10
110.41523661311912
 20
56.40472531342806
 10
110.6698316599732
 20
56.40472531342806
 10
110.92442670682729
 20
56.40472531342806
 10
111.17902175368137
 20
56.40472531342806
 10
111.43361680053546
 20
56.40472531342806
 10
111.68821184738954
 20
56.40472531342806
 10
111.94280689424362
 20
56.40472531342806
 10
112.19740194109771
 20
56.40472531342806
 10
112.45199698795179
 20
56.40472531342806
 10
112.70659203480588
 20
56.40472531342806
 10
112.91358333333332
 20
56.357121565101465
 10
112.91358333333332
 20
56.10252651824737
 10
112.91358333333332
 20
55.84793147139328
 10
112.91358333333332
 20
55.59333642453919
 97
0
 92
3
 72
0
 73
1
 93
40
 10
108.08405555555555
 20
60.03128086898363
 10
108.35798262678604
 20
60.01898311668481
 10
108.61662309292716
 20
59.98181598687921
 10
108.85997695397886
 20
59.91936867020314
 10
109.0972648516184
 20
59.826715053517944
 10
109.33112425088049
 20
59.69644674705239
 10
109.530455915062
 20
59.53922148775007
 10
109.69646575050342
 20
59.352417195237194
 10
109.82859384967104
 20
59.129607996119546
 10
109.90154338662371
 20
58.88583057205432
 10
109.91703831276247
 20
58.62415439809632
 10
109.87546417685188
 20
58.369910389216386
 10
109.77726057678818
 20
58.13388879239318
 10
109.62867048888047
 20
57.92435481588825
 10
109.44989712939255
 20
57.75166616228262
 10
109.23552986389643
 20
57.6061140520618
 10
108.9911197047264
 20
57.49145756208907
 10
108.75827060836083
 20
57.41560408671978
 10
108.50861015796983
 20
57.36314999623329
 10
108.24213835355339
 20
57.33450595665761
 10
107.9641490019746
 20
57.3326087447515
 10
107.69837981588354
 20
57.35864668372483
 10
107.44667246867913
 20
57.40907443611724
 10
107.20902696036143
 20
57.48346750634397
 10
106.96542851208095
 20
57.59629179721384
 10
106.7483220834744
 20
57.73978296692678
 10
106.56627543386723
 20
57.91004702197864
 10
106.41664873589582
 20
58.118568159348854
 10
106.31707500153644
 20
58.35389196262315
 10
106.27312084370153
 20
58.606912903882574
 10
106.28502017758893
 20
58.8701109513903
 10
106.35342870496206
 20
59.116185493361
 10
106.47838555059023
 20
59.341204520508484
 10
106.64231159622094
 20
59.5293128303303
 10
106.83919092543397
 20
59.68889053919361
 10
107.07124567118383
 20
59.821777772108135
 10
107.30910812627017
 20
59.916910838387025
 10
107.55180439887604
 20
59.980732612877546
 10
107.81012020863784
 20
60.018714522107985
 10
108.08405555555555
 20
60.03128086898363
 97
0
 92
3
 72
0
 73
1
 93
16
 10
108.08405555555555
 20
59.145808646761395
 10
107.82151702946975
 20
59.12104648655429
 10
107.578205463219
 20
59.03742889812747
 10
107.40686418381468
 20
58.86427491213328
 10
107.37392271731615
 20
58.60893218814533
 10
107.48837808060752
 20
58.38991095295438
 10
107.71285550644112
 20
58.26412571686279
 10
107.9572392566084
 20
58.21745759886892
 10
108.23317614423617
 20
58.21775079306548
 10
108.474413209966
 20
58.26812524838397
 10
108.69518718770888
 20
58.396912196800315
 10
108.80613450509313
 20
58.616148496053995
 10
108.76586863027063
 20
58.8728835494847
 10
108.58941475607269
 20
59.04079851199873
 10
108.35047052719847
 20
59.12195405126948
 10
108.08405555555555
 20
59.145808646761395
 97
0
 92
3
 72
0
 73
1
 93
49
 10
108.6308611111111
 20
61.2130864245392
 10
108.8898587962963
 20
61.2130864245392
 10
109.14885648148149
 20
61.2130864245392
 10
109.40785416666665
 20
61.2130864245392
 10
109.66685185185185
 20
61.2130864245392
 10
109.92584953703704
 20
61.2130864245392
 10
110.18484722222223
 20
61.2130864245392
 10
110.3453611111111
 20
61.11460262824289
 10
110.3453611111111
 20
60.8556049430577
 10
110.3453611111111
 20
60.596607257872506
 10
110.34124537037037
 20
60.34172531342807
 10
110.0822476851852
 20
60.34172531342807
 10
109.82325000000002
 20
60.34172531342807
 10
109.56425231481482
 20
60.34172531342807
 10
109.30525462962963
 20
60.34172531342807
 10
109.04625694444447
 20
60.34172531342807
 10
108.78725925925927
 20
60.34172531342807
 10
108.52826157407408
 20
60.34172531342807
 10
108.26926388888889
 20
60.34172531342807
 10
108.01026620370372
 20
60.34172531342807
 10
107.75126851851853
 20
60.34172531342807
 10
107.49227083333334
 20
60.34172531342807
 10
107.23327314814814
 20
60.34172531342807
 10
106.97427546296298
 20
60.34172531342807
 10
106.71527777777779
 20
60.34172531342807
 10
106.45628009259259
 20
60.34172531342807
 10
106.19728240740741
 20
60.34172531342807
 10
105.93828472222224
 20
60.34172531342807
 10
105.81216666666666
 20
60.47460494305767
 10
105.81216666666666
 20
60.73360262824286
 10
105.81216666666666
 20
60.992600313428
 10
105.85067824074069
 20
61.2130864245392
 10
106.10967592592588
 20
61.2130864245392
 10
106.36867361111108
 20
61.2130864245392
 10
106.62767129629627
 20
61.2130864245392
 10
106.88666898148144
 20
61.2130864245392
 10
107.14566666666663
 20
61.2130864245392
 10
107.40466435185182
 20
61.2130864245392
 10
107.56547222222223
 20
61.31127623935396
 10
107.56547222222223
 20
61.57027392453915
 10
107.56547222222223
 20
61.829271609724344
 10
107.62926620370368
 20
62.02447531342807
 10
107.88826388888887
 20
62.02447531342807
 10
108.14726157407405
 20
62.02447531342807
 10
108.40625925925923
 20
62.02447531342807
 10
108.6308611111111
 20
61.99007948009472
 10
108.6308611111111
 20
61.731081794909585
 10
108.6308611111111
 20
61.472084109724335
 10
108.6308611111111
 20
61.2130864245392
 97
0
 92
3
 72
0
 73
1
 93
28
 10
325.0176944444444
 20
197.39941975787252
 10
325.28005658436206
 20
197.39941975787252
 10
325.5424187242798
 20
197.39941975787252
 10
325.59624999999994
 20
197.19088889367498
 10
325.59624999999994
 20
196.9285267537573
 10
325.59624999999994
 20
196.66616461383958
 10
325.59624999999994
 20
196.4038024739219
 10
325.59624999999994
 20
196.14144033400422
 10
325.59624999999994
 20
195.8790781940865
 10
325.59624999999994
 20
195.61671605416882
 10
325.59624999999994
 20
195.35435391425113
 10
325.59624999999994
 20
195.09199177433342
 10
325.59624999999994
 20
194.82962963441574
 10
325.59624999999994
 20
194.56726749449803
 10
325.4650689300411
 20
194.43608642453918
 10
325.2027067901234
 20
194.43608642453918
 10
325.0176944444444
 20
194.51343621877788
 10
325.0176944444444
 20
194.77579835869557
 10
325.0176944444444
 20
195.03816049861325
 10
325.0176944444444
 20
195.30052263853096
 10
325.0176944444444
 20
195.56288477844865
 10
325.0176944444444
 20
195.82524691836636
 10
325.0176944444444
 20
196.08760905828404
 10
325.0176944444444
 20
196.34997119820173
 10
325.0176944444444
 20
196.61233333811944
 10
325.0176944444444
 20
196.87469547803713
 10
325.0176944444444
 20
197.1370576179548
 10
325.0176944444444
 20
197.39941975787252
 97
0
 92
3
 72
0
 73
1
 93
67
 10
327.0920277777778
 20
195.98125309120584
 10
326.97767513054094
 20
196.20995838567953
 10
326.8633224833041
 20
196.4386636801532
 10
326.8701269429872
 20
196.22391503115446
 10
326.9050555555556
 20
195.97071565276923
 10
326.9050555555556
 20
195.7150153601406
 10
326.9050555555556
 20
195.45931506751197
 10
326.9050555555556
 20
195.20361477488333
 10
326.9050555555556
 20
194.94791448225467
 10
326.9050555555556
 20
194.69221418962601
 10
326.9050555555556
 20
194.4365138969974
 10
326.64978273538514
 20
194.43608642453916
 10
326.39408244275654
 20
194.43608642453916
 10
326.3547222222223
 20
194.65242649663355
 10
326.3547222222223
 20
194.9081267892622
 10
326.3547222222223
 20
195.16382708189084
 10
326.3547222222223
 20
195.41952737451948
 10
326.3547222222223
 20
195.67522766714814
 10
326.3547222222223
 20
195.93092795977677
 10
326.3547222222223
 20
196.1866282524054
 10
326.3547222222223
 20
196.44232854503406
 10
326.3547222222223
 20
196.6980288376627
 10
326.3547222222223
 20
196.95372913029135
 10
326.3547222222223
 20
197.20942942291998
 10
326.39926551323174
 20
197.42058642453915
 10
326.6549658058604
 20
197.42058642453915
 10
326.8548138666002
 20
197.31244892973427
 10
327.0028196145717
 20
197.10393768730893
 10
327.1508253625433
 20
196.89542644488358
 10
327.2988311105148
 20
196.68691520245827
 10
327.4468368584864
 20
196.47840396003295
 10
327.5948426064579
 20
196.2698927176076
 10
327.74284835442944
 20
196.0613814751823
 10
327.890854102401
 20
195.85287023275694
 10
328.0072610521495
 20
195.6253976535736
 10
328.12161369938633
 20
195.39669235909992
 10
328.11372772646445
 20
195.6116136708141
 10
328.0798055555556
 20
195.86481001994937
 10
328.0798055555556
 20
196.120510312578
 10
328.0798055555556
 20
196.37621060520667
 10
328.0798055555556
 20
196.63191089783527
 10
328.0798055555556
 20
196.88761119046393
 10
328.0798055555556
 20
197.1433114830926
 10
328.0798055555556
 20
197.39901177572122
 10
328.3350978660329
 20
197.3994197578725
 10
328.5907981586616
 20
197.3994197578725
 10
328.6301388888889
 20
197.18306019547117
 10
328.6301388888889
 20
196.9273599028425
 10
328.6301388888889
 20
196.67165961021388
 10
328.6301388888889
 20
196.41595931758525
 10
328.6301388888889
 20
196.1602590249566
 10
328.6301388888889
 20
195.90455873232796
 10
328.6301388888889
 20
195.6488584396993
 10
328.6301388888889
 20
195.39315814707066
 10
328.6301388888889
 20
195.13745785444203
 10
328.6301388888889
 20
194.88175756181337
 10
328.6301388888889
 20
194.62605726918474
 10
328.5855761075725
 20
194.4149197578725
 10
328.3298758149438
 20
194.4149197578725
 10
328.12990019978326
 20
194.5229766501602
 10
327.9816327109253
 20
194.73130185602383
 10
327.83336522206736
 20
194.9396270618875
 10
327.6850977332095
 20
195.14795226775118
 10
327.53683024435156
 20
195.35627747361482
 10
327.3885627554936
 20
195.5646026794785
 10
327.2402952666357
 20
195.77292788534217
 10
327.0920277777778
 20
195.98125309120584
 97
0
 92
3
 72
0
 73
1
 93
51
 10
330.3023055555555
 20
195.6566975356503
 10
330.34116701332744
 20
195.4040980601329
 10
330.38065194552405
 20
195.15222531342806
 10
330.43974010273814
 20
195.3841659298573
 10
330.4817557716081
 20
195.63625994307702
 10
330.5576783439933
 20
195.88003118451323
 10
330.63716290443034
 20
196.1229281021222
 10
330.71664746486744
 20
196.36582501973115
 10
330.79613202530453
 20
196.6087219373401
 10
330.87561658574157
 20
196.8516188549491
 10
330.95510114617866
 20
197.09451577255808
 10
331.03458570661576
 20
197.33741269016704
 10
331.2477628053858
 20
197.39589198009475
 10
331.50333414167335
 20
197.39589198009475
 10
331.6311987935628
 20
197.30687492674278
 10
331.5427676095378
 20
197.06709037005962
 10
331.4543364255128
 20
196.82730581337643
 10
331.36590524148784
 20
196.58752125669324
 10
331.2774740574628
 20
196.34773670001005
 10
331.1890428734378
 20
196.10795214332688
 10
331.1006116894128
 20
195.8681675866437
 10
331.0121805053878
 20
195.62838302996053
 10
330.92374932136283
 20
195.38859847327734
 10
330.8353181373378
 20
195.14881391659415
 10
330.7468869533128
 20
194.90902935991096
 10
330.6584557692878
 20
194.6692448032278
 10
330.5700245852628
 20
194.4294602465446
 10
330.32704760804205
 20
194.41139198009475
 10
330.1207748028415
 20
194.48227419919053
 10
330.0318451955647
 20
194.72187435128023
 10
329.9429155882879
 20
194.96147450336994
 10
329.85398598101114
 20
195.20107465545965
 10
329.76505637373435
 20
195.44067480754933
 10
329.6761267664575
 20
195.68027495963904
 10
329.58719715918073
 20
195.91987511172874
 10
329.49826755190395
 20
196.15947526381845
 10
329.4093379446271
 20
196.39907541590816
 10
329.3204083373504
 20
196.63867556799784
 10
329.23147873007355
 20
196.87827572008757
 10
329.14254912279677
 20
197.11787587217728
 10
329.05361951552
 20
197.357476024267
 10
329.25395577405334
 20
197.39589198009475
 10
329.5095271103409
 20
197.39589198009475
 10
329.7299176075095
 20
197.34673594535957
 10
329.8123538409376
 20
197.10482485559723
 10
329.89479007436574
 20
196.86291376583492
 10
329.97722630779384
 20
196.62100267607258
 10
330.059662541222
 20
196.37909158631027
 10
330.14209877465015
 20
196.13718049654793
 10
330.22453500807825
 20
195.89526940678562
 10
330.3023055555555
 20
195.6566975356503
 97
0
 92
3
 72
0
 73
1
 93
55
 10
332.0661944444444
 20
197.39941975787252
 10
332.32515946502053
 20
197.39941975787252
 10
332.58412448559665
 20
197.39941975787252
 10
332.84308950617276
 20
197.39941975787252
 10
333.10205452674893
 20
197.39941975787252
 10
333.36101954732504
 20
197.39941975787252
 10
333.61998456790116
 20
197.39941975787252
 10
333.8230277777777
 20
197.34349794717295
 10
333.8230277777777
 20
197.0845329265968
 10
333.76423148148143
 20
196.88436420231696
 10
333.5052664609053
 20
196.88436420231696
 10
333.24630144032915
 20
196.88436420231696
 10
332.9873364197531
 20
196.88436420231696
 10
332.7283713991769
 20
196.88436420231696
 10
332.64474999999993
 20
196.7090205809178
 10
332.64474999999993
 20
196.4500555603417
 10
332.6465792181069
 20
196.19291975787252
 10
332.9055442386831
 20
196.19291975787252
 10
333.1645092592592
 20
196.19291975787252
 10
333.4234742798353
 20
196.19291975787252
 10
333.6824393004115
 20
196.19291975787252
 10
333.7171944444444
 20
195.96870988132932
 10
333.7171944444444
 20
195.70974486075318
 10
333.49011008230445
 20
195.67786420231698
 10
333.23114506172834
 20
195.67786420231698
 10
332.9721800411522
 20
195.67786420231698
 10
332.71321502057606
 20
195.67786420231698
 10
332.64474999999993
 20
195.48736420231697
 10
332.64474999999993
 20
195.22839918174083
 10
332.64474999999993
 20
194.9694341611647
 10
332.8889506172839
 20
194.95466975787252
 10
333.14791563786
 20
194.95466975787252
 10
333.4068806584362
 20
194.95466975787252
 10
333.66584567901225
 20
194.95466975787252
 10
333.8441944444444
 20
194.8740535027285
 10
333.8441944444444
 20
194.61508848215237
 10
333.76070370370365
 20
194.439614202317
 10
333.5017386831275
 20
194.439614202317
 10
333.2427736625514
 20
194.439614202317
 10
332.98380864197526
 20
194.439614202317
 10
332.72484362139915
 20
194.439614202317
 10
332.465878600823
 20
194.439614202317
 10
332.20691358024686
 20
194.439614202317
 10
332.0661944444444
 20
194.55786008709066
 10
332.0661944444444
 20
194.8168251076668
 10
332.0661944444444
 20
195.07579012824294
 10
332.0661944444444
 20
195.33475514881906
 10
332.0661944444444
 20
195.5937201693952
 10
332.0661944444444
 20
195.8526851899713
 10
332.0661944444444
 20
196.11165021054745
 10
332.0661944444444
 20
196.37061523112357
 10
332.0661944444444
 20
196.6295802516997
 10
332.0661944444444
 20
196.88854527227585
 10
332.0661944444444
 20
197.147510292852
 10
332.0661944444444
 20
197.39941975787252
 97
0
 92
3
 72
0
 73
1
 93
48
 10
334.4650833333333
 20
197.3676697578725
 10
334.72216277228546
 20
197.40593107799765
 10
334.98333033787384
 20
197.43082745246076
 10
335.24592673617803
 20
197.44072312527308
 10
335.5030836866728
 20
197.43297596712432
 10
335.7624183516898
 20
197.39454657395243
 10
336.00946798183156
 20
197.309609519415
 10
336.21918529139776
 20
197.16672245243643
 10
336.36398783930235
 20
196.9579469365525
 10
336.4254455203456
 20
196.71056574632507
 10
336.4180501044187
 20
196.4209824109644
 10
336.35137573911555
 20
196.17182334103288
 10
336.2226372831348
 20
195.96527704366247
 10
336.02929281198493
 20
195.79753093806212
 10
335.8266555469993
 20
195.68453548828535
 10
336.03556733031087
 20
195.53453902216916
 10
336.1696101548427
 20
195.3111343146161
 10
336.3036529793745
 20
195.08772960706307
 10
336.4376958039063
 20
194.86432489951005
 10
336.57173862843814
 20
194.640920191957
 10
336.6729816371748
 20
194.43608642453916
 10
336.41244921661007
 20
194.43608642453916
 10
336.15191679604527
 20
194.43608642453916
 10
335.95759720205035
 20
194.55108813176943
 10
335.82679114224237
 20
194.7764032819099
 10
335.69598508243433
 20
195.0017184320504
 10
335.56517902262635
 20
195.22703358219087
 10
335.4343729628184
 20
195.4523487323314
 10
335.2585449534985
 20
195.61384356497354
 10
335.0471666666666
 20
195.60764275489507
 10
335.0471666666666
 20
195.34711033433032
 10
335.0471666666666
 20
195.08657791376558
 10
335.0471666666666
 20
194.82604549320084
 10
335.0471666666666
 20
194.5655130726361
 10
334.91253311642106
 20
194.43961420231693
 10
334.6520006958563
 20
194.43961420231693
 10
334.4686111111111
 20
194.5167570381365
 10
334.4686111111111
 20
194.7772894587012
 10
334.4686111111111
 20
195.03782187926598
 10
334.4686111111111
 20
195.29835429983072
 10
334.4686111111111
 20
195.55888672039546
 10
334.4686111111111
 20
195.8194191409602
 10
334.4686111111111
 20
196.07995156152495
 10
334.4686111111111
 20
196.3404839820897
 10
334.4686111111111
 20
196.60101640265444
 10
334.4686111111111
 20
196.86154882321918
 10
334.4686111111111
 20
197.12208124378392
 10
334.4650833333333
 20
197.3676697578725
 97
0
 92
3
 72
0
 73
1
 93
16
 10
335.35408333333334
 20
196.9231697578725
 10
335.15309750893306
 20
196.91811257694636
 10
335.0436388888889
 20
196.82245638597283
 10
335.0436388888889
 20
196.62667625224452
 10
335.0436388888889
 20
196.43089611851622
 10
335.0436388888889
 20
196.23511598478788
 10
335.0455283512573
 20
196.04122531342807
 10
335.2413084849856
 20
196.04122531342807
 10
335.4521721092538
 20
196.05508335755258
 10
335.62706522507295
 20
196.11806658876867
 10
335.75282796885784
 20
196.23667451382198
 10
335.81415215287035
 20
196.42057423727104
 10
335.8052991033199
 20
196.6372276219136
 10
335.7143880037352
 20
196.79976593031716
 10
335.564275408492
 20
196.89177659393633
 10
335.35408333333334
 20
196.9231697578725
 97
0
 92
3
 72
0
 73
1
 93
51
 10
338.4832222222222
 20
195.22983642453917
 10
338.37892930653214
 20
195.45316840085468
 10
338.1653785853954
 20
195.58916713853918
 10
337.9338021877014
 20
195.69455429243877
 10
337.693256789347
 20
195.8026055851878
 10
337.4768589835505
 20
195.93792036477714
 10
337.2941304960697
 20
196.1159422657506
 10
337.1753145747142
 20
196.3271747913933
 10
337.1357380012913
 20
196.59116736265443
 10
337.164055500113
 20
196.85793372303237
 10
337.26267987719103
 20
197.08479361398688
 10
337.4365235044415
 20
197.26745267737803
 10
337.6624070377024
 20
197.38411904068212
 10
337.90630058466843
 20
197.43957857374923
 10
338.1734377886265
 20
197.45204042162322
 10
338.4336627060465
 20
197.43593404879678
 10
338.688277157522
 20
197.39158013095715
 10
338.9320942086643
 20
197.3085022505774
 10
338.9325575174219
 20
197.11089825496228
 10
338.8420561226775
 20
196.870721476602
 10
338.6761714515073
 20
196.85208694189134
 10
338.4147707536639
 20
196.9238225151458
 10
338.15565069098045
 20
196.94768480353636
 10
337.8890143578611
 20
196.9059795875922
 10
337.72448761467706
 20
196.73832258668676
 10
337.7585075056632
 20
196.49449375824526
 10
337.9527555204074
 20
196.33937257903932
 10
338.18542215548916
 20
196.22438250016765
 10
338.4261600221858
 20
196.11804439835845
 10
338.65078074010455
 20
195.99295762127053
 10
338.8462309073185
 20
195.83210939651585
 10
338.99142045021773
 20
195.6271095245812
 10
339.0542794060493
 20
195.38320780072328
 10
339.0454645000079
 20
195.1059183017357
 10
338.9763869943414
 20
194.8716478985881
 10
338.8312549941689
 20
194.66046611345456
 10
338.63346691302917
 20
194.50887660162152
 10
338.3904991522
 20
194.41809323936386
 10
338.1423671117516
 20
194.37662486621954
 10
337.86846099372895
 20
194.37103702224582
 10
337.60676185966923
 20
194.39369454686442
 10
337.35896240467383
 20
194.44481752652098
 10
337.11201487489427
 20
194.5260143067216
 10
337.1314520872788
 20
194.72436237835717
 10
337.2223232786916
 20
194.96439948774952
 10
337.4069817199609
 20
194.97238649167562
 10
337.65282320998693
 20
194.90198794554212
 10
337.90963362004464
 20
194.8707092123696
 10
338.18936422493823
 20
194.894104810729
 10
338.3954430626656
 20
194.99749177280202
 10
338.4832222222222
 20
195.22983642453917
 97
0
 92
3
 72
0
 73
1
 93
55
 10
339.6403333333333
 20
197.39941975787252
 10
339.89929835390944
 20
197.39941975787252
 10
340.15826337448556
 20
197.39941975787252
 10
340.41722839506167
 20
197.39941975787252
 10
340.67619341563784
 20
197.39941975787252
 10
340.93515843621395
 20
197.39941975787252
 10
341.19412345679007
 20
197.39941975787252
 10
341.39716666666664
 20
197.34349794717295
 10
341.39716666666664
 20
197.0845329265968
 10
341.33837037037034
 20
196.88436420231696
 10
341.07940534979423
 20
196.88436420231696
 10
340.82044032921806
 20
196.88436420231696
 10
340.56147530864195
 20
196.88436420231696
 10
340.30251028806583
 20
196.88436420231696
 10
340.21888888888884
 20
196.7090205809178
 10
340.21888888888884
 20
196.4500555603417
 10
340.22071810699583
 20
196.19291975787252
 10
340.479683127572
 20
196.19291975787252
 10
340.73864814814806
 20
196.19291975787252
 10
340.99761316872423
 20
196.19291975787252
 10
341.25657818930034
 20
196.19291975787252
 10
341.2913333333333
 20
195.96870988132932
 10
341.2913333333333
 20
195.70974486075318
 10
341.06424897119336
 20
195.67786420231698
 10
340.80528395061725
 20
195.67786420231698
 10
340.5463189300411
 20
195.67786420231698
 10
340.28735390946497
 20
195.67786420231698
 10
340.21888888888884
 20
195.48736420231697
 10
340.21888888888884
 20
195.22839918174083
 10
340.21888888888884
 20
194.9694341611647
 10
340.46308950617276
 20
194.95466975787252
 10
340.72205452674893
 20
194.95466975787252
 10
340.98101954732505
 20
194.95466975787252
 10
341.23998456790116
 20
194.95466975787252
 10
341.4183333333333
 20
194.8740535027285
 10
341.4183333333333
 20
194.61508848215237
 10
341.33484259259257
 20
194.439614202317
 10
341.0758775720164
 20
194.439614202317
 10
340.8169125514403
 20
194.439614202317
 10
340.55794753086417
 20
194.439614202317
 10
340.298982510288
 20
194.439614202317
 10
340.0400174897119
 20
194.439614202317
 10
339.7810524691357
 20
194.439614202317
 10
339.6403333333333
 20
194.55786008709066
 10
339.6403333333333
 20
194.8168251076668
 10
339.6403333333333
 20
195.07579012824294
 10
339.6403333333333
 20
195.33475514881906
 10
339.6403333333333
 20
195.5937201693952
 10
339.6403333333333
 20
195.8526851899713
 10
339.6403333333333
 20
196.11165021054745
 10
339.6403333333333
 20
196.37061523112357
 10
339.6403333333333
 20
196.6295802516997
 10
339.6403333333333
 20
196.88854527227585
 10
339.6403333333333
 20
197.147510292852
 10
339.6403333333333
 20
197.39941975787252
 97
0
 92
3
 72
0
 73
1
 93
64
 10
40.015583333333325
 20
89.20600309120587
 10
40.010236585660515
 20
89.0988708540423
 10
39.994249481022585
 20
88.99280334518286
 10
39.96778090644794
 20
88.88885471118348
 10
39.93109391852222
 20
88.78805804026976
 10
39.88455312901377
 20
88.69141509504206
 10
39.82862108119805
 20
88.59988635650882
 10
39.76385365289482
 20
88.51438147839454
 10
39.69089453190455
 20
88.43575024659268
 10
39.61046881874994
 20
88.36477413361146
 10
39.52337582030111
 20
88.30215853194906
 10
39.430481105904846
 20
88.2485257435861
 10
39.332707904967556
 20
88.20440879526885
 10
39.23102793148664
 20
88.17024614105009
 10
39.126451726720234
 20
88.14637730473567
 10
39.020018615974166
 20
88.13303950554439
 10
38.91278637932015
 20
88.13036530051693
 10
38.805820738902206
 20
88.13838126710428
 10
38.700184767311164
 20
88.15700773902913
 10
38.59692832229169
 20
88.1860595980452
 10
38.497077612784324
 20
88.22524811372551
 10
38.401624999999996
 20
88.27418381299503
 10
38.31151913488848
 20
88.33238035088911
 10
38.22765553001904
 20
88.39925934406824
 10
38.15086765957421
 20
88.47415611905151
 10
38.08191867590889
 20
88.55632631804039
 10
38.021493824999396
 20
88.64495329668074
 10
37.9701936361611
 20
88.73915624024147
 10
37.928527953718266
 20
88.837998917547
 10
37.896910869942126
 20
88.94049898566328
 10
37.87565660961582
 20
89.04563775286326
 10
37.86497640712736
 20
89.15237030284291
 10
37.86497640712736
 20
89.25963587956883
 10
37.87565660961582
 20
89.36636842954849
 10
37.896910869942126
 20
89.47150719674846
 10
37.928527953718266
 20
89.57400726486475
 10
37.9701936361611
 20
89.67284994217027
 10
38.021493824999396
 20
89.767052885731
 10
38.08191867590889
 20
89.85567986437135
 10
38.15086765957421
 20
89.93785006336023
 10
38.22765553001904
 20
90.0127468383435
 10
38.31151913488848
 20
90.07962583152263
 10
38.401624999999996
 20
90.13782236941671
 10
38.497077612784324
 20
90.18675806868623
 10
38.59692832229169
 20
90.22594658436654
 10
38.700184767311164
 20
90.25499844338262
 10
38.805820738902206
 20
90.27362491530747
 10
38.91278637932015
 20
90.28164088189482
 10
39.020018615974166
 20
90.27896667686736
 10
39.126451726720234
 20
90.26562887767608
 10
39.23102793148664
 20
90.24176004136166
 10
39.332707904967556
 20
90.2075973871429
 10
39.430481105904846
 20
90.16348043882564
 10
39.52337582030111
 20
90.10984765046268
 10
39.610468818749936
 20
90.04723204880028
 10
39.69089453190455
 20
89.97625593581907
 10
39.76385365289482
 20
89.8976247040172
 10
39.82862108119805
 20
89.81211982590293
 10
39.88455312901377
 20
89.72059108736968
 10
39.93109391852222
 20
89.62394814214198
 10
39.96778090644794
 20
89.52315147122826
 10
39.994249481022585
 20
89.41920283722888
 10
40.010236585660515
 20
89.31313532836944
 10
40.015583333333325
 20
89.20600309120587
 97
0
 92
3
 72
0
 73
1
 93
64
 10
136.55322222222222
 20
71.0661697578725
 10
136.54526345683382
 20
70.90670078845523
 10
136.52146625845475
 20
70.74881669330054
 10
136.48206713433382
 20
70.5940865954785
 10
136.42745765066732
 20
70.44404827221678
 10
136.35818054103834
 20
70.3001928717795
 10
136.27492431248643
 20
70.16395009376606
 10
136.17851640281538
 20
70.03667398011399
 10
136.06991495714462
 20
69.91962945802203
 10
135.9501993054325
 20
69.81397976853523
 10
135.82055923561032
 20
69.72077490573287
 10
135.68228316893524
 20
69.64094118141551
 10
135.53674535508105
 20
69.57527201900228
 10
135.38539221422747
 20
69.5244200681324
 10
135.22972796188665
 20
69.48889071833977
 10
135.0712996593335
 20
69.46903707626493
 10
134.9116818382157
 20
69.46505645632243
 10
134.752460852151
 20
69.4769884197016
 10
134.59521911083186
 20
69.50471438118973
 10
134.44151935332744
 20
69.54795878772515
 10
134.29288911688042
 20
69.60629185696732
 10
134.15080555555556
 20
69.67913384866685
 10
134.01668075961908
 20
69.7657608263846
 10
133.8918477215511
 20
69.86531185229711
 10
133.77754708816767
 20
69.97679754358373
 10
133.674914830515
 20
70.09910990535732
 10
133.58497095407924
 20
70.2310333424154
 10
133.50860936151338
 20
70.3712567403714
 10
133.4465889686313
 20
70.51838649609829
 10
133.3995261619612
 20
70.67096036798287
 10
133.36788867281976
 20
70.82746200833955
 10
133.35199092878776
 20
70.98633603355515
 10
133.35199092878776
 20
71.14600348218985
 10
133.36788867281976
 20
71.30487750740545
 10
133.3995261619612
 20
71.46137914776213
 10
133.4465889686313
 20
71.61395301964671
 10
133.50860936151338
 20
71.76108277537361
 10
133.58497095407924
 20
71.9013061733296
 10
133.674914830515
 20
72.03322961038768
 10
133.77754708816767
 20
72.15554197216127
 10
133.8918477215511
 20
72.26702766344789
 10
134.01668075961908
 20
72.36657868936041
 10
134.15080555555556
 20
72.45320566707815
 10
134.29288911688042
 20
72.52604765877769
 10
134.44151935332744
 20
72.58438072801985
 10
134.59521911083186
 20
72.62762513455527
 10
134.752460852151
 20
72.6553510960434
 10
134.9116818382157
 20
72.66728305942257
 10
135.0712996593335
 20
72.66330243948008
 10
135.22972796188665
 20
72.64344879740523
 10
135.38539221422747
 20
72.6079194476126
 10
135.53674535508105
 20
72.55706749674272
 10
135.68228316893524
 20
72.49139833432949
 10
135.82055923561032
 20
72.41156461001214
 10
135.9501993054325
 20
72.31835974720977
 10
136.06991495714462
 20
72.21271005772297
 10
136.17851640281538
 20
72.09566553563101
 10
136.27492431248643
 20
71.96838942197894
 10
136.35818054103834
 20
71.8321466439655
 10
136.42745765066732
 20
71.68829124352823
 10
136.48206713433382
 20
71.5382529202665
 10
136.52146625845475
 20
71.38352282244446
 10
136.54526345683382
 20
71.22563872728978
 10
136.55322222222222
 20
71.0661697578725
 97
0
 92
3
 72
0
 73
1
 93
64
 10
173.66191666666666
 20
50.35458642453921
 10
173.65395790127826
 20
50.19511745512193
 10
173.6301607028992
 20
50.03723335996722
 10
173.59076157877826
 20
49.88250326214518
 10
173.53615209511176
 20
49.73246493888348
 10
173.46687498548278
 20
49.58860953844618
 10
173.38361875693087
 20
49.45236676043277
 10
173.28721084725981
 20
49.325090646780666
 10
173.17860940158906
 20
49.208046124688735
 10
173.05889374987694
 20
49.10239643520191
 10
172.92925368005476
 20
49.00919157239957
 10
172.79097761337968
 20
48.92935784808219
 10
172.6454397995255
 20
48.86368868566899
 10
172.4940866586719
 20
48.81283673479908
 10
172.3384224063311
 20
48.77730738500645
 10
172.17999410377794
 20
48.7574537429316
 10
172.02037628266015
 20
48.753473122989135
 10
171.86115529659543
 20
48.765405086368276
 10
171.7039135552763
 20
48.793131047856434
 10
171.55021379777187
 20
48.83637545439183
 10
171.40158356132486
 20
48.894708523633994
 10
171.2595
 20
48.96755051533353
 10
171.12537520406352
 20
49.05417749305127
 10
171.00054216599554
 20
49.15372851896382
 10
170.8862415326121
 20
49.265214210250406
 10
170.78360927495945
 20
49.387526572024
 10
170.69366539852368
 20
49.51945000908211
 10
170.61730380595782
 20
49.6596734070381
 10
170.55528341307573
 20
49.80680316276499
 10
170.50822060640564
 20
49.95937703464955
 10
170.4765831172642
 20
50.11587867500623
 10
170.4606853732322
 20
50.274752700221825
 10
170.4606853732322
 20
50.43442014885653
 10
170.4765831172642
 20
50.59329417407213
 10
170.50822060640564
 20
50.74979581442881
 10
170.55528341307573
 20
50.90236968631342
 10
170.61730380595782
 20
51.049499442040315
 10
170.69366539852368
 20
51.18972283999631
 10
170.78360927495945
 20
51.321646277054356
 10
170.8862415326121
 20
51.44395863882795
 10
171.00054216599554
 20
51.5554443301146
 10
171.12537520406352
 20
51.65499535602709
 10
171.2595
 20
51.74162233374483
 10
171.40158356132486
 20
51.81446432544436
 10
171.55021379777187
 20
51.87279739468653
 10
171.7039135552763
 20
51.91604180122198
 10
171.86115529659543
 20
51.94376776271008
 10
172.02037628266015
 20
51.95569972608928
 10
172.17999410377794
 20
51.951719106146754
 10
172.3384224063311
 20
51.931865464071905
 10
172.4940866586719
 20
51.89633611427928
 10
172.6454397995255
 20
51.845484163409424
 10
172.79097761337968
 20
51.779815000996166
 10
172.92925368005476
 20
51.69998127667884
 10
173.05889374987694
 20
51.606776413876446
 10
173.17860940158906
 20
51.50112672438968
 10
173.28721084725981
 20
51.38408220229769
 10
173.38361875693087
 20
51.25680608864565
 10
173.46687498548278
 20
51.12056331063218
 10
173.53615209511176
 20
50.97670791019493
 10
173.59076157877826
 20
50.82666958693318
 10
173.6301607028992
 20
50.67193948911114
 10
173.65395790127826
 20
50.51405539395648
 10
173.66191666666666
 20
50.35458642453921
 97
0
 75
0
 76
1
 52
0.0
 41
1.0
 77
0
 78
1
 53
45.0
 43
0.0
 44
0.0
 45
-0.0883883476
 46
0.0883883476
 79
0
 98
0
  0
LWPOLYLINE
  5
CA
330
17
100
AcDbEntity
  8
MARK
100
AcDbPolyline
 90
89
 70
1
 10
73.12730555555555
 20
56.69753086898362
 10
72.86127599236418
 20
56.687739692226785
 10
72.60053052950175
 20
56.658826065972505
 10
72.34576101105043
 20
56.611479846245004
 10
72.0976592810923
 20
56.54639088906907
 10
71.85691718370956
 20
56.464249050468936
 10
71.62422656298432
 20
56.365744186469044
 10
71.40027926299877
 20
56.25156615309385
 10
71.18576712783496
 20
56.1224048063678
 10
70.9813820015751
 20
55.97895000231546
 10
70.78781572830133
 20
55.821891596960995
 10
70.6057601520958
 20
55.651919446328975
 10
70.4359071170406
 20
55.46972340644385
 10
70.27894846721792
 20
55.27599333333001
 10
70.13557604670987
 20
55.07141908301196
 10
70.00648169959862
 20
54.8566905115141
 10
69.89235726996631
 20
54.632497474860884
 10
69.79389460189508
 20
54.39952982907664
 10
69.71178553946703
 20
54.158477430186
 10
69.64672192676437
 20
53.91003013421317
 10
69.59939560786921
 20
53.654877797182735
 10
69.5704984268637
 20
53.39371027511913
 10
69.56072222783457
 20
53.12721734189597
 10
69.57053589057803
 20
52.860642637822366
 10
69.59948523183495
 20
52.5994388437249
 10
69.64687753739551
 20
52.344292702139114
 10
69.71202009305006
 20
52.09589095560045
 10
69.79422018458874
 20
51.854920346644576
 10
69.89278509780183
 20
51.62206761780709
 10
70.00702211847964
 20
51.39801951162326
 10
70.13623853241236
 20
51.18346277062864
 10
70.2797416253903
 20
50.97908413735894
 10
70.43683868320362
 20
50.785570354349716
 10
70.60683699164267
 20
50.60360816413629
 10
70.78904383649764
 20
50.43388430925427
 10
70.9827665035588
 20
50.2770855322392
 10
71.1873122786164
 20
50.13389857562669
 10
71.4019884474607
 20
50.005010181952116
 10
71.62610229588194
 20
49.89110709375103
 10
71.85896110967036
 20
49.79287605355904
 10
72.09987217461625
 20
49.71100380391158
 10
72.34814277650982
 20
49.64617708734431
 10
72.60308020114135
 20
49.59908264639256
 10
72.86399173430108
 20
49.57040722359204
 10
73.13018292986752
 20
49.56083756024378
 10
73.39618111475195
 20
49.57081572732278
 10
73.65692750223386
 20
49.599869223957796
 10
73.91172627254926
 20
49.647312170666964
 10
74.15988160593425
 20
49.71245868796893
 10
74.4006976826249
 20
49.79462289638212
 10
74.6334786828573
 20
49.89311891642478
 10
74.8575287868675
 20
50.007260868615504
 10
75.07215217489164
 20
50.13636287347259
 10
75.27665302716578
 20
50.27973905151447
 10
75.47033552392595
 20
50.43670352325961
 10
75.65250384540829
 20
50.606570409226435
 10
75.82246217184885
 20
50.78865382993342
 10
75.9795146834837
 20
50.98226790589888
 10
76.12296556054896
 20
51.18672675764128
 10
76.25211898328068
 20
51.40134450567899
 10
76.36627913191491
 20
51.625435270530545
 10
76.4647501866878
 20
51.858313172714304
 10
76.54683632783536
 20
52.09929233274863
 10
76.61184173559374
 20
52.347686871152064
 10
76.65907059019895
 20
52.602810908442905
 10
76.6878270718871
 20
52.86397856513963
 10
76.69741536556356
 20
53.130501638127726
 10
76.68741203982599
 20
53.39678711099987
 10
76.65831500622535
 20
53.65774513235789
 10
76.61081297247118
 20
53.91268699449239
 10
76.54559464627283
 20
54.16092398969397
 10
76.46334873533985
 20
54.40176741025306
 10
76.36476394738172
 20
54.634528548460196
 10
76.25052899010788
 20
54.85851869660587
 10
76.12133257122778
 20
55.073049146980736
 10
75.97786339845094
 20
55.27743119187528
 10
75.82081017948681
 20
55.47097612357999
 10
75.65086162204483
 20
55.6529952343854
 10
75.4687064338345
 20
55.82279981658212
 10
75.27503332256529
 20
55.979701162460515
 10
75.0705309959467
 20
56.1230105643113
 10
74.85588816168816
 20
56.25203931442485
 10
74.63179352749913
 20
56.366098705091815
 10
74.39893580108912
 20
56.46450002860263
 10
74.15800369016758
 20
56.54655457724783
 10
73.90968590244398
 20
56.611573643318025
 10
73.65467114562779
 20
56.65886851910375
 10
73.39364812742849
 20
56.687750496895376
 10
73.12730555555555
 20
56.69753086898362
  0
LWPOLYLINE
  5
CB
330
17
100
AcDbEntity
  8
MARK
100
AcDbPolyline
 90
31
 70
1
 10
73.12730555555555
 20
51.89269753565031
 10
72.8627462563518
 20
51.921061915781706
 10
72.61780453863898
 20
52.002208125809545
 10
72.3985513164974
 20
52.13021577018446
 10
72.2110575040074
 20
52.29916445335704
 10
72.06139401524929
 20
52.5031337797779
 10
71.95563176430345
 20
52.736203353897565
 10
71.89984166525016
 20
52.992452780166616
 10
71.89979212763866
 20
53.262334349308446
 10
71.95524492669351
 20
53.5184907498529
 10
72.06048351934055
 20
53.75148910390254
 10
72.20959452117964
 20
53.95541602705714
 10
72.39666454781057
 20
54.12435813491669
 10
72.61578021483325
 20
54.25240204308096
 10
72.86102813784753
 20
54.33363436714984
 10
73.12649493245321
 20
54.36214172272315
 10
73.39216479268988
 20
54.333780334241055
 10
73.63763298233341
 20
54.25239335478386
 10
73.85697866011874
 20
54.124051696525385
 10
74.04428143049641
 20
53.95482627354585
 10
74.19362089791706
 20
53.75078799992565
 10
74.29907666683125
 20
53.51800778974507
 10
74.3547283416896
 20
53.26255655708451
 10
74.35484883015097
 20
52.99379985875146
 10
74.29917309480666
 20
52.738139348063214
 10
74.19347130818716
 20
52.50513537557117
 10
74.04382158313798
 20
52.30086605412117
 10
73.8563020325047
 20
52.13140949655843
 10
73.63699076913282
 20
52.00284381572874
 10
73.39196590586793
 20
51.921247124477475
 10
73.12730555555555
 20
51.89269753565031
  0
LWPOLYLINE
  5
CC
330
17
100
AcDbEntity
  8
MARK
100
AcDbPolyline
 90
533
 70
1
 10
66.4809722222222
 20
49.20100309120585
 10
66.30330885500157
 20
49.12595099674104
 10
66.11715359021886
 20
49.05009617532056
 10
65.92241543877657
 20
48.97344562610567
 10
65.71900341157713
 20
48.896006348257856
 10
65.50682651952309
 20
48.81778534093826
 10
65.28579377351686
 20
48.738789603308305
 10
65.05581418446093
 20
48.65902613452948
 10
64.81679676325776
 20
48.57850193376299
 10
64.56865052080985
 20
48.49722400017026
 10
64.31128446801965
 20
48.41519933291261
 10
64.04460761578964
 20
48.33243493115134
 10
63.768528975022306
 20
48.24893779404778
 10
63.482957556620114
 20
48.1647149207634
 10
63.18780237148551
 20
48.07977331045947
 10
62.918142535261154
 20
48.00404697185968
 10
62.6758740604665
 20
47.938321755759034
 10
62.43302006807981
 20
47.874799836906334
 10
62.18960090054621
 20
47.81352062878864
 10
61.94563690031067
 20
47.75452354489329
 10
61.70114840981824
 20
47.69784799870729
 10
61.45615577151395
 20
47.64353340371832
 10
61.21067932784283
 20
47.59161917341322
 10
60.96473942124995
 20
47.542144721279385
 10
60.71835639418029
 20
47.49514946080433
 10
60.471550589078895
 20
47.45067280547494
 10
60.22434234839083
 20
47.4087541687785
 10
59.97675201456108
 20
47.36943296420253
 10
59.72879993003472
 20
47.33274860523409
 10
59.48050643725676
 20
47.2987405053604
 10
59.231891878672236
 20
47.26744807806881
 10
58.98297659672617
 20
47.23891073684649
 10
58.733780933863635
 20
47.21316789518073
 10
58.48432523252963
 20
47.19025896655876
 10
58.234629835169194
 20
47.170223364467915
 10
57.984715084227375
 20
47.15310050239532
 10
57.73460132214917
 20
47.13892979382837
 10
57.484308891379634
 20
47.127750652254235
 10
57.23385813436382
 20
47.119602491160094
 10
56.98326939354672
 20
47.11452472403329
 10
56.7325631192707
 20
47.11255864676144
 10
56.47075851598955
 20
47.11342224478108
 10
56.20733186204093
 20
47.116721864078045
 10
55.944521007072154
 20
47.122485121735224
 10
55.68234014710613
 20
47.130706270722385
 10
55.420803478165766
 20
47.141379564008844
 10
55.15992519627393
 20
47.15449925456443
 10
54.89971949745348
 20
47.17005959535862
 10
54.64020057772735
 20
47.18805483936103
 10
54.38138263311841
 20
47.20847923954125
 10
54.12327985964957
 20
47.23132704886865
 10
53.865906453343655
 20
47.25659252031329
 10
53.60927661022361
 20
47.284269906844315
 10
53.35340452631231
 20
47.31435346143144
 10
53.098304397632624
 20
47.346837437044314
 10
52.84399042020746
 20
47.381716086652546
 10
52.59047679005969
 20
47.41898366322562
 10
52.337777703212204
 20
47.458634419733244
 10
52.08590735568788
 20
47.50066260914491
 10
51.83487994350963
 20
47.545062484430275
 10
51.58470966270032
 20
47.59182829855882
 10
51.33541070928288
 20
47.6409543045001
 10
51.08699727928013
 20
47.69243475522387
 10
50.839483568715
 20
47.74626390369974
 10
50.59288377361038
 20
47.802436002897025
 10
50.34721208998912
 20
47.860945305785606
 10
50.102482713874146
 20
47.92178606533491
 10
49.85870984128833
 20
47.98495253451455
 10
49.615907668254536
 20
48.050438966294166
 10
49.37409039079571
 20
48.118239613643254
 10
49.13327220493469
 20
48.18834872953141
 10
48.89346730669439
 20
48.2607605669283
 10
48.65468989209767
 20
48.335469378803396
 10
48.41695415716743
 20
48.412469418126534
 10
48.180274297926566
 20
48.49175493786697
 10
47.94466451039794
 20
48.57332019099448
 10
47.71013899060446
 20
48.65715943047866
 10
47.47671193456904
 20
48.74326690928899
 10
47.244397538314516
 20
48.83163688039514
 10
47.01320999786381
 20
48.922263596766584
 10
46.78316350923978
 20
49.015141311373156
 10
46.55427226846533
 20
49.11026427718417
 10
46.32655047156335
 20
49.2076267471694
 10
46.10001231455672
 20
49.30722297429827
 10
45.87467199346835
 20
49.40904721154055
 10
45.65054370432109
 20
49.51309371186568
 10
45.42764164313785
 20
49.61935672824325
 10
45.20598000594151
 20
49.72783051364297
 10
44.98557298875495
 20
49.83850932103434
 10
44.76643478760108
 20
49.95138740338689
 10
44.54857959850277
 20
50.06645901367034
 10
44.33202161748291
 20
50.18371840485423
 10
44.11677504056439
 20
50.303159829908054
 10
43.90285406377009
 20
50.424777541801575
 10
43.69027288312291
 20
50.54856579350417
 10
43.47904569464573
 20
50.674518837985545
 10
43.269186694361416
 20
50.802630928215365
 10
43.0607100782929
 20
50.932896317163056
 10
42.85363004246303
 20
51.06530925779822
 10
42.64796078289472
 20
51.19986400309057
 10
42.443716495610836
 20
51.33655480600959
 10
42.24091137663427
 20
51.47537591952488
 10
42.03955962198793
 20
51.6163215966061
 10
41.83967542769467
 20
51.75938609022268
 10
41.6412729897774
 20
51.90456365334438
 10
41.44436650425901
 20
52.0518485389407
 10
41.24897016716236
 20
52.201234999981295
 10
41.05509817451038
 20
52.35271728943559
 10
40.86276472232591
 20
52.506289660273296
 10
40.671984006631874
 20
52.66194636546402
 10
40.48277022345113
 20
52.81968165797724
 10
40.2951375688066
 20
52.97948979078268
 10
40.10910023872113
 20
53.14136501684982
 10
39.924672429217644
 20
53.305301589148314
 10
39.74186833631901
 20
53.471293760647654
 10
39.560702156048116
 20
53.63933578431755
 10
39.381188084427855
 20
53.80942191312744
 10
39.20334031748111
 20
53.98154640004714
 10
39.02717305123076
 20
54.15570349804602
 10
38.85270048169972
 20
54.3318874600937
 10
38.67977913866064
 20
54.51027704818267
 10
38.50895876973413
 20
54.690469633901614
 10
38.34032676356447
 20
54.872379437887275
 10
38.17388923243516
 20
55.055990345937346
 10
38.009652288629624
 20
55.241286243850425
 10
37.84762204443134
 20
55.428251017424316
 10
37.687804612123756
 20
55.61686855245739
 10
37.53020610399033
 20
55.80712273474779
 10
37.37483263231452
 20
55.998997450093555
 10
37.221690309379795
 20
56.19247658429299
 10
37.07078524746962
 20
56.38754402314407
 10
36.92212355886744
 20
56.584183652445006
 10
36.7757113558567
 20
56.7823793579941
 10
36.63155475072089
 20
56.98211502558934
 10
36.48965985574345
 20
57.183374541028854
 10
36.35003278320784
 20
57.386141790111026
 10
36.21267964539753
 20
57.59040065863377
 10
36.077606554595974
 20
57.79613503239534
 10
35.944819623086616
 20
58.00332879719389
 10
35.814324963152934
 20
58.21196583882761
 10
35.68612868707839
 20
58.422030043094594
 10
35.560236907146425
 20
58.633505295792816
 10
35.43665573564051
 20
58.846375482720816
 10
35.31539128484409
 20
59.06062448967651
 10
35.19644966704064
 20
59.27623620245805
 10
35.07983699451363
 20
59.49319450686363
 10
34.96555937954649
 20
59.711483288691454
 10
34.853622934422695
 20
59.93108643373961
 10
34.744033771425705
 20
60.15198782780624
 10
34.63679800283896
 20
60.37417135668949
 10
34.531921740945954
 20
60.597620906187615
 10
34.429411098030116
 20
60.82232036209871
 10
34.32927218637492
 20
61.048253610220854
 10
34.23151111826381
 20
61.275404536352255
 10
34.13613400598026
 20
61.50375702629117
 10
34.043146961807736
 20
61.73329496583557
 10
33.95255609802968
 20
61.964002240783714
 10
33.86436752692955
 20
62.19586273693375
 10
33.77858736079082
 20
62.428860340083816
 10
33.69522171189693
 20
62.66297893603212
 10
33.614276692531355
 20
62.89820241057669
 10
33.53575841497756
 20
63.13451464951578
 10
33.459672991518985
 20
63.37189953864754
 10
33.38602653443909
 20
63.61034096377011
 10
33.31482515602134
 20
63.84982281068159
 10
33.2460749685492
 20
64.09032896518028
 10
33.17978208430612
 20
64.3318433130641
 10
33.11595261557557
 20
64.57434974013148
 10
33.05459267464099
 20
64.81783213218031
 10
32.99570837378587
 20
65.06227437500891
 10
32.93930582529364
 20
65.30766035441536
 10
32.88539114144776
 20
65.55397395619784
 10
32.833970434531714
 20
65.80119906615451
 10
32.78504981682893
 20
66.04931957008353
 10
32.73863540062289
 20
66.29831935378306
 10
32.69473329819704
 20
66.54818230305122
 10
32.65334962183485
 20
66.79889230368616
 10
32.614490483819765
 20
67.05043324148608
 10
32.57816199643526
 20
67.30278900224909
 10
32.54437027196479
 20
67.55594347177336
 10
32.5131214226918
 20
67.80988053585699
 10
32.48442156089977
 20
68.06458408029823
 10
32.45827679887214
 20
68.32003799089517
 10
32.43469324889237
 20
68.57622615344602
 10
32.413677023243935
 20
68.83313245374887
 10
32.39523423421029
 20
69.0907407776019
 10
32.37937099407488
 20
69.34903501080328
 10
32.36609341512118
 20
69.60799903915108
 10
32.35540760963264
 20
69.8676167484436
 10
32.34731968989272
 20
70.12787202447888
 10
32.341835768184886
 20
70.38874875305513
 10
32.33896195679258
 20
70.65023081997046
 10
32.338704367999284
 20
70.91230211102305
 10
32.34106911408845
 20
71.17494651201096
 10
32.346062307343516
 20
71.43814790873253
 10
32.35365486272578
 20
71.70793455494012
 10
32.36346204232866
 20
71.97659318661039
 10
32.37547812253843
 20
72.24396724818709
 10
32.38970105431279
 20
72.51004772388416
 10
32.40612878860941
 20
72.77482559791542
 10
32.42475927638603
 20
73.03829185449482
 10
32.44559046860032
 20
73.30043747783623
 10
32.46862031621
 20
73.56125345215352
 10
32.49384677017276
 20
73.82073076166063
 10
32.521267781446305
 20
74.0788603905713
 10
32.55088130098833
 20
74.33563332309959
 10
32.582685279756554
 20
74.5910405434592
 10
32.61667766870865
 20
74.8450730358642
 10
32.652856418802344
 20
75.09772178452832
 10
32.691219480995336
 20
75.34897777366547
 10
32.73176480624529
 20
75.59883198748972
 10
32.77449034550994
 20
75.84727541021456
 10
32.81939404974699
 20
76.09429902605427
 10
32.866473869914124
 20
76.33989381922254
 10
32.915727756969055
 20
76.58405077393328
 10
32.96715366186947
 20
76.8267608744004
 10
33.02074953557307
 20
77.06801510483771
 10
33.076513329037574
 20
77.30780444945921
 10
33.13444299322067
 20
77.54611989247869
 10
33.19453647908006
 20
77.78295241811003
 10
33.25679173757344
 20
78.01829301056719
 10
33.32120671965851
 20
78.25213265406398
 10
33.38777937629299
 20
78.48446233281427
 10
33.456507658434546
 20
78.71527303103201
 10
33.52738951704091
 20
78.94455573293112
 10
33.60042290306978
 20
79.17230142272533
 10
33.675605767478835
 20
79.39850108462858
 10
33.75293606122579
 20
79.62314570285477
 10
33.832411735268344
 20
79.84622626161789
 10
33.9140307405642
 20
80.0677337451317
 10
33.99779102807105
 20
80.28765913761006
 10
34.08369054874661
 20
80.50599342326697
 10
34.17684100000467
 20
80.73507433542574
 10
34.274258028713184
 20
80.96761064793378
 10
34.374125083965815
 20
81.1992235940321
 10
34.47638974601985
 20
81.42980833423533
 10
34.58099959513262
 20
81.65926002905809
 10
34.687902211561436
 20
81.88747383901489
 10
34.79704517556358
 20
82.1143449246205
 10
34.90837606739639
 20
82.33976844638943
 10
35.02184246731715
 20
82.5636395648364
 10
35.13739195558319
 20
82.7858534404759
 10
35.25497211245181
 20
83.00630523382273
 10
35.374530518180315
 20
83.22489010539135
 10
35.49601475302602
 20
83.4415032156964
 10
35.619372397246224
 20
83.65603972525255
 10
35.752379569650024
 20
83.86661643812221
 10
35.890989175158275
 20
84.07555505529228
 10
36.029598780666525
 20
84.28449367246236
 10
36.16820838617477
 20
84.49343228963241
 10
36.30681799168302
 20
84.70237090680249
 10
36.29519081292709
 20
84.88094061364447
 10
36.08631007382464
 20
85.01963742440847
 10
35.87742933472221
 20
85.1583342351725
 10
35.668548595619775
 20
85.29703104593654
 10
35.47449523574175
 20
85.3626449747724
 10
35.33618447408678
 20
85.1535084124632
 10
35.19787371243181
 20
84.944371850154
 10
35.05956295077684
 20
84.73523528784477
 10
34.92125218912187
 20
84.52609872553558
 10
34.782941427466895
 20
84.31696216322638
 10
34.6563653888714
 20
84.10060767063356
 10
34.53263637277694
 20
83.88245571615889
 10
34.41097805944353
 20
83.66303913572142
 10
34.291422598011756
 20
83.44239650828968
 10
34.174002137622146
 20
83.22056641283248
 10
34.05874882741527
 20
82.99758742831855
 10
33.94569481653169
 20
82.77349813371637
 10
33.83487225411196
 20
82.54833710799477
 10
33.7263132892966
 20
82.32214293012228
 10
33.620050071226224
 20
82.09495417906766
 10
33.51611474904134
 20
81.86680943379949
 10
33.41453947188254
 20
81.63774727328655
 10
33.31535638889036
 20
81.40780627649741
 10
33.21859764920534
 20
81.17702502240081
 10
33.12458174103374
 20
80.94621912902457
 10
33.03780721848918
 20
80.72775407203335
 10
32.9531054130699
 20
80.50777691113723
 10
32.87047777884739
 20
80.28629673428341
 10
32.789925769893166
 20
80.06332262941862
 10
32.711450840278744
 20
79.83886368448984
 10
32.63505444407562
 20
79.61292898744418
 10
32.560738035355314
 20
79.38552762622848
 10
32.48850306818936
 20
79.15666868878958
 10
32.418350996649245
 20
78.92636126307451
 10
32.35028327480647
 20
78.69461443703028
 10
32.28430135673256
 20
78.46143729860387
 10
32.22040669649905
 20
78.22683893574194
 10
32.158600748177406
 20
77.99082843639181
 10
32.09888496583917
 20
77.7534148885002
 10
32.04126080355584
 20
77.51460738001404
 10
31.985729715398953
 20
77.27441499888036
 10
31.932293155439964
 20
77.03284683304616
 10
31.88095257775044
 20
76.78991197045829
 10
31.831709436401873
 20
76.54561949906363
 10
31.784565185465766
 20
76.29997850680925
 10
31.73952127901364
 20
76.0529980816421
 10
31.696579171117012
 20
75.80468731150904
 10
31.65574031584737
 20
75.55505528435711
 10
31.617006167276255
 20
75.30411108813317
 10
31.580378179475154
 20
75.05186381078417
 10
31.54585780651559
 20
74.79832254025709
 10
31.513446502469073
 20
74.54349636449896
 10
31.483145721407112
 20
74.28739437145654
 10
31.454956917401216
 20
74.03002564907689
 10
31.428881544522906
 20
73.77139928530696
 10
31.404921056843687
 20
73.5115243680936
 10
31.383076908435072
 20
73.2504099853839
 10
31.36335055336856
 20
72.98806522512476
 10
31.34574344571568
 20
72.72449917526308
 10
31.33025703954794
 20
72.45972092374578
 10
31.31689278893684
 20
72.19373955851987
 10
31.3056521479539
 20
71.92656416753226
 10
31.296536570670632
 20
71.65820383872997
 10
31.289621670270122
 20
71.39068038763938
 10
31.28526541925736
 20
71.12788824253994
 10
31.28342480562266
 20
70.86562735473859
 10
31.284094298196596
 20
70.6039124592709
 10
31.287268365809762
 20
70.342758291172
 10
31.292941477292732
 20
70.08217958547726
 10
31.30110810147609
 20
69.82219107722213
 10
31.311762707190454
 20
69.56280750144171
 10
31.32489976326639
 20
69.30404359317143
 10
31.340513738534494
 20
69.04591408744656
 10
31.35859910182533
 20
68.78843371930245
 10
31.379150321969515
 20
68.53161722377436
 10
31.40216186779763
 20
68.27547933589773
 10
31.427628208140234
 20
68.02003479070785
 10
31.455543811827944
 20
67.76529832323988
 10
31.485903147691346
 20
67.51128466852924
 10
31.518700684561015
 20
67.25800856161129
 10
31.553930891267544
 20
67.00548473752127
 10
31.59158823664151
 20
66.75372793129463
 10
31.631667189513525
 20
66.50275287796646
 10
31.67416221871415
 20
66.25257431257222
 10
31.719067793073986
 20
66.00320697014732
 10
31.766378381423614
 20
65.75466558572688
 10
31.816088452593636
 20
65.50696489434623
 10
31.86819247541462
 20
65.26011963104085
 10
31.922684918717156
 20
65.0141445308459
 10
31.97956025133185
 20
64.76905432879673
 10
32.038812942089265
 20
64.5248637599287
 10
32.10043745982
 20
64.2815875592772
 10
32.16442827335464
 20
64.03924046187734
 10
32.230779851523785
 20
63.797837202764526
 10
32.299486663158
 20
63.55739251697412
 10
32.370543177087875
 20
63.31792113954151
 10
32.44394386214401
 20
63.07943780550181
 10
32.519683187156986
 20
62.84195724989053
 10
32.5977556209574
 20
62.60549420774282
 10
32.67815563237582
 20
62.37006341409409
 10
32.76087769024285
 20
62.13567960397961
 10
32.84591626338907
 20
61.90235751243466
 10
32.93326582064507
 20
61.67011187449475
 10
33.02292083084143
 20
61.438957425194985
 10
33.11487576280874
 20
61.20890889957087
 10
33.2091250853776
 20
60.97998103265746
 10
33.30566326737857
 20
60.75218855949032
 10
33.40448477764226
 20
60.52554621510461
 10
33.50558408499927
 20
60.30006873453567
 10
33.60895565828015
 20
60.07577085281889
 10
33.714593966315505
 20
59.85266730498955
 10
33.822493477935936
 20
59.63077282608293
 10
33.93264866197201
 20
59.410102151134424
 10
34.045053987254306
 20
59.19067001517931
 10
34.15970392261345
 20
58.97249115325275
 10
34.27659293687999
 20
58.75558030039031
 10
34.39571549888455
 20
58.53995219162721
 10
34.51706607745767
 20
58.32562156199873
 10
34.64063914142998
 20
58.11260314654021
 10
34.76642915963205
 20
57.90091168028698
 10
34.89443060089445
 20
57.690561898274325
 10
35.02463793404781
 20
57.48156853553752
 10
35.15704562792268
 20
57.273946327112014
 10
35.29164815134965
 20
57.067710008032975
 10
35.42843997315933
 20
56.862874313335794
 10
35.56741556218229
 20
56.65945397805581
 10
35.70856938724912
 20
56.457463737228295
 10
35.85189591719042
 20
56.25691832588865
 10
35.99738962083675
 20
56.057832479071976
 10
36.14504496701871
 20
55.86022093181384
 10
36.2948564245669
 20
55.66409841914947
 10
36.446818462311896
 20
55.46947967611408
 10
36.600925549084295
 20
55.27637943774306
 10
36.757172153714656
 20
55.08481243907181
 10
36.915552745033594
 20
54.894793415135496
 10
37.076061791871695
 20
54.70633710096956
 10
37.23869376305953
 20
54.519458231609235
 10
37.40344312742771
 20
54.334171542089905
 10
37.57030435380679
 20
54.150491767446795
 10
37.73927191102737
 20
53.9684336427153
 10
37.91034026792007
 20
53.78801190293069
 10
38.083461327995394
 20
53.609267407598566
 10
38.257979281876736
 20
53.4326085858462
 10
38.43411732170319
 20
53.25789547030911
 10
38.61186238605871
 20
53.085133361271915
 10
38.79120141352723
 20
52.914327559019455
 10
38.97212134269271
 20
52.74548336383657
 10
39.15460911213907
 20
52.578606076007986
 10
39.33865166045028
 20
52.41370099581843
 10
39.524235926210274
 20
52.2507734235528
 10
39.711348848002984
 20
52.08982865949588
 10
39.899977364412415
 20
51.930872003932166
 10
40.09010841402244
 20
51.77390875714673
 10
40.28172893541705
 20
51.618944219424236
 10
40.47482586718016
 20
51.46598369104959
 10
40.66938614789573
 20
51.31503247230734
 10
40.86539671614774
 20
51.16609586348227
 10
41.06284451052006
 20
51.01917916485945
 10
41.26171646959669
 20
50.874287676723384
 10
41.46199953196158
 20
50.731426699358906
 10
41.663680636198656
 20
50.59060153305086
 10
41.866746720891854
 20
50.45181747808397
 10
42.07118472462514
 20
50.31507983474296
 10
42.276981585982455
 20
50.18039390331273
 10
42.48412424354774
 20
50.04776498407796
 10
42.69259963590494
 20
49.91719837732347
 10
42.902394701638016
 20
49.788699383334006
 10
43.11349637933089
 20
49.6622733023944
 10
43.3258916075675
 20
49.53792543478937
 10
43.539567324931845
 20
49.41566108080366
 10
43.75451047000782
 20
49.2954855407221
 10
43.970707981379384
 20
49.17740411482953
 10
44.188146797630495
 20
49.061422103410564
 10
44.40681385734509
 20
48.9475448067501
 10
44.62669609910708
 20
48.83577752513298
 10
44.847780461500484
 20
48.72612555884376
 10
45.0700538831092
 20
48.61859420816728
 10
45.29350330251718
 20
48.51318877338855
 10
45.51811565830836
 20
48.409914554792124
 10
45.7438778890667
 20
48.30877685266279
 10
45.970776933376165
 20
48.209780967285326
 10
46.19879972982064
 20
48.11293219894458
 10
46.42793321698413
 20
48.01823584792521
 10
46.658164333450564
 20
47.925697214512184
 10
46.889480017803876
 20
47.83532159899005
 10
47.12186720862804
 20
47.74711430164376
 10
47.35531284450694
 20
47.66108062275805
 10
47.58980386402458
 20
47.57722586261764
 10
47.82532720576489
 20
47.49555532150731
 10
48.06186980831181
 20
47.41607429971185
 10
48.29941861024929
 20
47.3387880975161
 10
48.53796055016129
 20
47.263702015204785
 10
48.777482566631726
 20
47.19082135306263
 10
49.017971598244536
 20
47.12015141137448
 10
49.25941458358373
 20
47.051697490425056
 10
49.50179846123318
 20
46.9854648904992
 10
49.74511016977688
 20
46.9214589118817
 10
49.98933664779875
 20
46.85968485485728
 10
50.23446483388273
 20
46.80014801971066
 10
50.48048166661281
 20
46.74285370672675
 10
50.72737408457289
 20
46.68780721619015
 10
50.975129026346934
 20
46.63501384838577
 10
51.223733430518884
 20
46.58447890359838
 10
51.47317423567268
 20
46.536207682112774
 10
51.72343838039228
 20
46.490205484213675
 10
51.974512803261625
 20
46.44647761018581
 10
52.22638444286465
 20
46.40502936031402
 10
52.47904023778533
 20
46.36586603488314
 10
52.73246712660757
 20
46.32899293417779
 10
52.986652047915335
 20
46.29441535848292
 10
53.24158194029258
 20
46.26213860808315
 10
53.49724374232324
 20
46.23216798326342
 10
53.75362439259128
 20
46.2045087843083
 10
54.01071082968061
 20
46.17916631150274
 10
54.2684899921752
 20
46.156145865131464
 10
54.52694881865899
 20
46.1354527454792
 10
54.78607424771592
 20
46.11709225283079
 10
55.04585321792995
 20
46.101069687470954
 10
55.30627266788501
 20
46.08739034968454
 10
55.567319536165044
 20
46.076059539756216
 10
55.82898076135404
 20
46.06708255797088
 10
56.09124328203588
 20
46.06046470461314
 10
56.35409403679454
 20
46.056211279967954
 10
56.617519964214
 20
46.05432758431999
 10
56.872732360384035
 20
46.054851009393985
 10
57.12426820600052
 20
46.05787074846444
 10
57.375650787393916
 20
46.0633833543792
 10
57.62685866566165
 20
46.0713796390375
 10
57.877870401901234
 20
46.08185041433808
 10
58.12866455721018
 20
46.09478649217982
 10
58.37921969268598
 20
46.11017868446186
 10
58.629514369426204
 20
46.12801780308274
 10
58.879527148528226
 20
46.14829465994177
 10
59.129236591089686
 20
46.17100006693772
 10
59.378621258207986
 20
46.1961248359695
 10
59.62765971098067
 20
46.22365977893617
 10
59.876330510505234
 20
46.25359570773651
 10
60.12461221787916
 20
46.285923434269534
 10
60.37248339419999
 20
46.32063377043414
 10
60.61992260056521
 20
46.35771752812923
 10
60.86690839807229
 20
46.39716551925386
 10
61.11341934781879
 20
46.438968555706765
 10
61.35943401090218
 20
46.48311744938695
 10
61.52437268995032
 20
46.3101312138449
 10
61.638315062728644
 20
46.02327493244002
 10
61.74146970319046
 20
45.73903705874949
 10
61.834110306278376
 20
45.461053825582496
 10
61.91651056693504
 20
45.19296146574828
 10
61.98894418010305
 20
44.93839621205615
 10
62.05168484072508
 20
44.70099429731533
 10
62.10500624374373
 20
44.48439195433497
 10
62.14918208410166
 20
44.29222541592429
 10
62.18448605674147
 20
44.12813091489272
 10
62.25906406660717
 20
43.96827862528744
 10
62.45799504147282
 20
44.0794814226532
 10
62.61982213106713
 20
44.2710015562098
 10
62.781649220661436
 20
44.46252168976639
 10
62.94347631025575
 20
44.65404182332293
 10
63.10530339985006
 20
44.84556195687952
 10
63.26713048944436
 20
45.03708209043606
 10
63.42895757903867
 20
45.22860222399265
 10
63.590784668632985
 20
45.420122357549246
 10
63.75261175822729
 20
45.61164249110578
 10
63.9144388478216
 20
45.80316262466238
 10
64.07626593741591
 20
45.994682758218914
 10
64.23809302701022
 20
46.18620289177551
 10
64.39992011660453
 20
46.377723025332045
 10
64.56174720619883
 20
46.56924315888858
 10
64.72357429579316
 20
46.760763292445176
 10
64.88540138538745
 20
46.95228342600177
 10
65.04722847498175
 20
47.14380355955831
 10
65.20905556457608
 20
47.3353236931149
 10
65.37088265417037
 20
47.52684382667144
 10
65.53270974376468
 20
47.71836396022803
 10
65.694536833359
 20
47.90988409378457
 10
65.85636392295329
 20
48.10140422734116
 10
66.01819101254762
 20
48.29292436089776
 10
66.18001810214191
 20
48.484444494454294
 10
66.34184519173623
 20
48.67596462801089
 10
66.50367228133054
 20
48.867484761567425
 10
66.64699100778543
 20
49.07323039122895
 10
66.4809722222222
 20
49.20100309120585
  0
LWPOLYLINE
  5
CD
330
17
100
AcDbEntity
  8
MARK
100
AcDbPolyline
 90
69
 70
1
 10
104.09766666666665
 20
84.33414198009473
 10
104.09766666666665
 20
84.07806681669604
 10
104.09766666666665
 20
83.82199165329735
 10
104.09766666666665
 20
83.56591648989868
 10
104.09766666666665
 20
83.30984132649996
 10
104.09766666666665
 20
83.05376616310127
 10
104.09766666666665
 20
82.79769099970258
 10
104.09766666666665
 20
82.54161583630386
 10
104.09766666666665
 20
82.2855406729052
 10
104.09766666666665
 20
82.02946550950651
 10
104.09766666666665
 20
81.77339034610782
 10
104.09766666666665
 20
81.5173151827091
 10
104.09766666666665
 20
81.2612400193104
 10
104.09766666666665
 20
81.00516485591174
 10
104.09766666666665
 20
80.74908969251305
 10
104.09766666666665
 20
80.49301452911433
 10
104.09766666666665
 20
80.23693936571564
 10
104.09766666666665
 20
79.98086420231695
 10
104.09766666666665
 20
79.72478903891823
 10
104.09766666666665
 20
79.4687138755196
 10
104.09766666666665
 20
79.21263871212088
 10
104.09766666666665
 20
78.95656354872219
 10
104.09766666666665
 20
78.7004883853235
 10
104.09766666666665
 20
78.44441322192478
 10
104.09766666666665
 20
78.18833805852611
 10
104.09766666666665
 20
77.93226289512742
 10
104.09766666666665
 20
77.67618773172873
 10
104.09766666666665
 20
77.42011256833001
 10
104.09766666666665
 20
77.16403740493132
 10
104.09766666666665
 20
76.90796224153266
 10
104.09766666666665
 20
76.65188707813397
 10
104.05450326797384
 20
76.43897531342807
 10
103.79842810457514
 20
76.43897531342807
 10
103.54235294117646
 20
76.43897531342807
 10
103.28627777777776
 20
76.43897531342807
 10
103.28627777777776
 20
76.69505047682676
 10
103.28627777777776
 20
76.95112564022546
 10
103.28627777777776
 20
77.20720080362412
 10
103.28627777777776
 20
77.46327596702284
 10
103.28627777777776
 20
77.71935113042153
 10
103.28627777777776
 20
77.97542629382022
 10
103.28627777777776
 20
78.23150145721894
 10
103.28627777777776
 20
78.4875766206176
 10
103.28627777777776
 20
78.7436517840163
 10
103.28627777777776
 20
78.99972694741498
 10
103.28627777777776
 20
79.2558021108137
 10
103.28627777777776
 20
79.5118772742124
 10
103.28627777777776
 20
79.76795243761109
 10
103.28627777777776
 20
80.02402760100975
 10
103.28627777777776
 20
80.28010276440847
 10
103.28627777777776
 20
80.53617792780716
 10
103.28627777777776
 20
80.79225309120585
 10
103.28627777777776
 20
81.04832825460457
 10
103.28627777777776
 20
81.3044034180032
 10
103.28627777777776
 20
81.56047858140192
 10
103.28627777777776
 20
81.81655374480061
 10
103.28627777777776
 20
82.0726289081993
 10
103.28627777777776
 20
82.32870407159803
 10
103.28627777777776
 20
82.58477923499669
 10
103.28627777777776
 20
82.84085439839538
 10
103.28627777777776
 20
83.09692956179407
 10
103.28627777777776
 20
83.35300472519279
 10
103.28627777777776
 20
83.60907988859148
 10
103.28627777777776
 20
83.86515505199014
 10
103.28627777777776
 20
84.12123021538883
 10
103.32944117647057
 20
84.33414198009473
 10
103.58551633986927
 20
84.33414198009473
 10
103.84159150326795
 20
84.33414198009473
 10
104.09766666666665
 20
84.33414198009473
  0
LWPOLYLINE
  5
CE
330
17
100
AcDbEntity
  8
MARK
100
AcDbPolyline
 90
69
 70
1
 10
112.76541666666665
 20
84.33414198009473
 10
112.76541666666665
 20
84.07806681669604
 10
112.76541666666665
 20
83.82199165329735
 10
112.76541666666665
 20
83.56591648989868
 10
112.76541666666665
 20
83.30984132649996
 10
112.76541666666665
 20
83.05376616310127
 10
112.76541666666665
 20
82.79769099970258
 10
112.76541666666665
 20
82.54161583630386
 10
112.76541666666665
 20
82.2855406729052
 10
112.76541666666665
 20
82.02946550950651
 10
112.76541666666665
 20
81.77339034610782
 10
112.76541666666665
 20
81.5173151827091
 10
112.76541666666665
 20
81.2612400193104
 10
112.76541666666665
 20
81.00516485591174
 10
112.76541666666665
 20
80.74908969251305
 10
112.76541666666665
 20
80.49301452911433
 10
112.76541666666665
 20
80.23693936571564
 10
112.76541666666665
 20
79.98086420231695
 10
112.76541666666665
 20
79.72478903891823
 10
112.76541666666665
 20
79.4687138755196
 10
112.76541666666665
 20
79.21263871212088
 10
112.76541666666665
 20
78.95656354872219
 10
112.76541666666665
 20
78.7004883853235
 10
112.76541666666665
 20
78.44441322192478
 10
112.76541666666665
 20
78.18833805852611
 10
112.76541666666665
 20
77.93226289512742
 10
112.76541666666665
 20
77.67618773172873
 10
112.76541666666665
 20
77.42011256833001
 10
112.76541666666665
 20
77.16403740493132
 10
112.76541666666665
 20
76.90796224153266
 10
112.76541666666665
 20
76.65188707813397
 10
112.72225326797384
 20
76.43897531342807
 10
112.46617810457514
 20
76.43897531342807
 10
112.21010294117646
 20
76.43897531342807
 10
111.95402777777775
 20
76.43897531342807
 10
111.95402777777775
 20
76.69505047682676
 10
111.95402777777775
 20
76.95112564022546
 10
111.95402777777775
 20
77.20720080362412
 10
111.95402777777775
 20
77.46327596702284
 10
111.95402777777775
 20
77.71935113042153
 10
111.95402777777775
 20
77.97542629382022
 10
111.95402777777775
 20
78.23150145721894
 10
111.95402777777775
 20
78.4875766206176
 10
111.95402777777775
 20
78.7436517840163
 10
111.95402777777775
 20
78.99972694741498
 10
111.95402777777775
 20
79.2558021108137
 10
111.95402777777775
 20
79.5118772742124
 10
111.95402777777775
 20
79.76795243761109
 10
111.95402777777775
 20
80.02402760100975
 10
111.95402777777775
 20
80.28010276440847
 10
111.95402777777775
 20
80.53617792780716
 10
111.95402777777775
 20
80.79225309120585
 10
111.95402777777775
 20
81.04832825460457
 10
111.95402777777775
 20
81.3044034180032
 10
111.95402777777775
 20
81.56047858140192
 10
111.95402777777775
 20
81.81655374480061
 10
111.95402777777775
 20
82.0726289081993
 10
111.95402777777775
 20
82.32870407159803
 10
111.95402777777775
 20
82.58477923499669
 10
111.95402777777775
 20
82.84085439839538
 10
111.95402777777775
 20
83.09692956179407
 10
111.95402777777775
 20
83.35300472519279
 10
111.95402777777775
 20
83.60907988859148
 10
111.95402777777775
 20
83.86515505199014
 10
111.95402777777775
 20
84.12123021538883
 10
111.99719117647057
 20
84.33414198009473
 10
112.25326633986927
 20
84.33414198009473
 10
112.50934150326795
 20
84.33414198009473
 10
112.76541666666665
 20
84.33414198009473
  0
LWPOLYLINE
  5
CF
330
17
100
AcDbEntity
  8
MARK
100
AcDbPolyline
 90
40
 70
1
 10
108.07347222222222
 20
80.6264475356503
 10
108.3473992934527
 20
80.61414978335148
 10
108.60603975959384
 20
80.57698265354591
 10
108.84939362064553
 20
80.51453533686978
 10
109.08668151828509
 20
80.42188172018464
 10
109.32054091754718
 20
80.29161341371912
 10
109.51987258172866
 20
80.13438815441671
 10
109.68588241717008
 20
79.94758386190392
 10
109.81801051633771
 20
79.72477466278622
 10
109.89096005329039
 20
79.48099723872096
 10
109.90645497942914
 20
79.21932106476302
 10
109.86488084351855
 20
78.96507705588303
 10
109.76667724345486
 20
78.72905545905988
 10
109.61808715554713
 20
78.51952148255495
 10
109.43931379605922
 20
78.34683282894932
 10
109.2249465305631
 20
78.20128071872841
 10
108.98053637139306
 20
78.08662422875571
 10
108.74768727502752
 20
78.01077075338645
 10
108.49802682463648
 20
77.95831666289996
 10
108.23155502022006
 20
77.92967262332422
 10
107.95356566864129
 20
77.9277754114182
 10
107.68779648255023
 20
77.95381335039158
 10
107.4360891353458
 20
78.00424110278385
 10
107.1984436270281
 20
78.07863417301067
 10
106.95484517874765
 20
78.19145846388048
 10
106.73773875014109
 20
78.33494963359348
 10
106.55569210053392
 20
78.50521368864534
 10
106.40606540256252
 20
78.71373482601541
 10
106.30649166820311
 20
78.9490586292898
 10
106.26253751036822
 20
79.20207957054924
 10
106.2744368442556
 20
79.46527761805692
 10
106.34284537162874
 20
79.7113521600277
 10
106.4678022172569
 20
79.93637118717521
 10
106.63172826288759
 20
80.124479496997
 10
106.82860759210067
 20
80.28405720586031
 10
107.0606623378505
 20
80.41694443877478
 10
107.29852479293683
 20
80.51207750505364
 10
107.54122106554271
 20
80.57589927954425
 10
107.79953687530453
 20
80.61388118877466
 10
108.07347222222222
 20
80.6264475356503
  0
LWPOLYLINE
  5
D0
330
17
100
AcDbEntity
  8
MARK
100
AcDbPolyline
 90
16
 70
1
 10
108.07347222222222
 20
79.74097531342807
 10
107.81093369613644
 20
79.71621315322093
 10
107.56762212988568
 20
79.6325955647942
 10
107.39628085048138
 20
79.45944157879998
 10
107.36333938398283
 20
79.20409885481203
 10
107.47779474727419
 20
78.98507761962105
 10
107.70227217310779
 20
78.85929238352949
 10
107.9466559232751
 20
78.81262426553553
 10
108.22259281090285
 20
78.81291745973218
 10
108.46382987663267
 20
78.86329191505072
 10
108.68460385437555
 20
78.99207886346693
 10
108.7955511717598
 20
79.2113151627207
 10
108.7552852969373
 20
79.46805021615131
 10
108.57883142273934
 20
79.63596517866546
 10
108.33988719386514
 20
79.71712071793615
 10
108.07347222222222
 20
79.74097531342807
  0
LWPOLYLINE
  5
D1
330
17
100
AcDbEntity
  8
MARK
100
AcDbPolyline
 90
49
 70
1
 10
108.62027777777776
 20
81.80825309120584
 10
108.87927546296295
 20
81.80825309120584
 10
109.13827314814814
 20
81.80825309120584
 10
109.39727083333331
 20
81.80825309120584
 10
109.6562685185185
 20
81.80825309120584
 10
109.9152662037037
 20
81.80825309120584
 10
110.17426388888889
 20
81.80825309120584
 10
110.33477777777776
 20
81.70976929490953
 10
110.33477777777776
 20
81.45077160972437
 10
110.33477777777776
 20
81.1917739245392
 10
110.33066203703703
 20
80.93689198009474
 10
110.07166435185185
 20
80.93689198009474
 10
109.81266666666667
 20
80.93689198009474
 10
109.55366898148148
 20
80.93689198009474
 10
109.29467129629629
 20
80.93689198009474
 10
109.03567361111112
 20
80.93689198009474
 10
108.77667592592593
 20
80.93689198009474
 10
108.51767824074074
 20
80.93689198009474
 10
108.25868055555554
 20
80.93689198009474
 10
107.99968287037038
 20
80.93689198009474
 10
107.74068518518519
 20
80.93689198009474
 10
107.48168749999999
 20
80.93689198009474
 10
107.2226898148148
 20
80.93689198009474
 10
106.96369212962964
 20
80.93689198009474
 10
106.70469444444444
 20
80.93689198009474
 10
106.44569675925925
 20
80.93689198009474
 10
106.18669907407407
 20
80.93689198009474
 10
105.92770138888889
 20
80.93689198009474
 10
105.80158333333331
 20
81.06977160972437
 10
105.80158333333331
 20
81.32876929490953
 10
105.80158333333331
 20
81.5877669800947
 10
105.84009490740735
 20
81.80825309120584
 10
106.09909259259254
 20
81.80825309120584
 10
106.35809027777773
 20
81.80825309120584
 10
106.61708796296293
 20
81.80825309120584
 10
106.87608564814809
 20
81.80825309120584
 10
107.13508333333328
 20
81.80825309120584
 10
107.39408101851848
 20
81.80825309120584
 10
107.55488888888888
 20
81.90644290602063
 10
107.55488888888888
 20
82.16544059120582
 10
107.55488888888888
 20
82.42443827639102
 10
107.61868287037034
 20
82.61964198009474
 10
107.87768055555553
 20
82.61964198009474
 10
108.13667824074071
 20
82.61964198009474
 10
108.39567592592589
 20
82.61964198009474
 10
108.62027777777776
 20
82.58524614676139
 10
108.62027777777776
 20
82.32624846157623
 10
108.62027777777776
 20
82.06725077639103
 10
108.62027777777776
 20
81.80825309120584
  0
LWPOLYLINE
  5
D2
330
17
100
AcDbEntity
  8
MARK
100
AcDbPolyline
 90
84
 70
1
 10
112.91358333333332
 20
62.9099475356503
 10
112.65898828647924
 20
62.9099475356503
 10
112.40439323962515
 20
62.9099475356503
 10
112.14979819277107
 20
62.9099475356503
 10
111.89520314591698
 20
62.9099475356503
 10
111.6406080990629
 20
62.9099475356503
 10
111.38601305220884
 20
62.9099475356503
 10
111.13141800535475
 20
62.9099475356503
 10
110.87682295850067
 20
62.9099475356503
 10
110.62222791164658
 20
62.9099475356503
 10
110.3676328647925
 20
62.9099475356503
 10
110.11303781793842
 20
62.9099475356503
 10
109.85844277108433
 20
62.9099475356503
 10
109.60384772423025
 20
62.9099475356503
 10
109.34925267737616
 20
62.9099475356503
 10
109.09465763052208
 20
62.9099475356503
 10
108.84006258366801
 20
62.9099475356503
 10
108.58546753681391
 20
62.9099475356503
 10
108.33087248995984
 20
62.9099475356503
 10
108.07627744310575
 20
62.9099475356503
 10
107.82168239625167
 20
62.9099475356503
 10
107.5670873493976
 20
62.9099475356503
 10
107.3124923025435
 20
62.9099475356503
 10
107.05789725568943
 20
62.9099475356503
 10
106.80330220883533
 20
62.9099475356503
 10
106.54870716198126
 20
62.9099475356503
 10
106.29411211512719
 20
62.9099475356503
 10
106.03951706827308
 20
62.9099475356503
 10
105.78492202141902
 20
62.9099475356503
 10
105.53032697456493
 20
62.9099475356503
 10
105.27573192771085
 20
62.9099475356503
 10
105.02113688085677
 20
62.9099475356503
 10
104.76654183400268
 20
62.9099475356503
 10
104.5119467871486
 20
62.9099475356503
 10
104.25735174029451
 20
62.9099475356503
 10
104.00275669344043
 20
62.9099475356503
 10
103.74816164658635
 20
62.9099475356503
 10
103.49356659973226
 20
62.9099475356503
 10
103.2389715528782
 20
62.9099475356503
 10
103.15927777777777
 20
63.084848807403944
 10
103.15927777777777
 20
63.339443854258036
 10
103.15927777777777
 20
63.59403890111213
 10
103.28657530120482
 20
63.721336424539174
 10
103.5411703480589
 20
63.721336424539174
 10
103.79576539491299
 20
63.721336424539174
 10
104.05036044176707
 20
63.721336424539174
 10
104.30495548862113
 20
63.721336424539174
 10
104.55955053547524
 20
63.721336424539174
 10
104.8141455823293
 20
63.721336424539174
 10
105.06874062918341
 20
63.721336424539174
 10
105.32333567603747
 20
63.721336424539174
 10
105.57793072289155
 20
63.721336424539174
 10
105.83252576974564
 20
63.721336424539174
 10
106.08712081659972
 20
63.721336424539174
 10
106.3417158634538
 20
63.721336424539174
 10
106.59631091030789
 20
63.721336424539174
 10
106.85090595716197
 20
63.721336424539174
 10
107.10550100401606
 20
63.721336424539174
 10
107.36009605087013
 20
63.721336424539174
 10
107.61469109772423
 20
63.721336424539174
 10
107.8692861445783
 20
63.721336424539174
 10
108.12388119143237
 20
63.721336424539174
 10
108.37847623828647
 20
63.721336424539174
 10
108.63307128514055
 20
63.721336424539174
 10
108.88766633199464
 20
63.721336424539174
 10
109.14226137884872
 20
63.721336424539174
 10
109.3968564257028
 20
63.721336424539174
 10
109.65145147255689
 20
63.721336424539174
 10
109.90604651941095
 20
63.721336424539174
 10
110.16064156626503
 20
63.721336424539174
 10
110.41523661311912
 20
63.721336424539174
 10
110.6698316599732
 20
63.721336424539174
 10
110.92442670682729
 20
63.721336424539174
 10
111.17902175368137
 20
63.721336424539174
 10
111.43361680053546
 20
63.721336424539174
 10
111.68821184738954
 20
63.721336424539174
 10
111.94280689424362
 20
63.721336424539174
 10
112.19740194109771
 20
63.721336424539174
 10
112.45199698795179
 20
63.721336424539174
 10
112.70659203480588
 20
63.721336424539174
 10
112.91358333333332
 20
63.67373267621258
 10
112.91358333333332
 20
63.41913762935843
 10
112.91358333333332
 20
63.164542582504396
 10
112.91358333333332
 20
62.9099475356503
  0
LWPOLYLINE
  5
D3
330
17
100
AcDbEntity
  8
MARK
100
AcDbPolyline
 90
84
 70
1
 10
112.91358333333332
 20
55.59333642453919
 10
112.65898828647924
 20
55.59333642453919
 10
112.40439323962515
 20
55.59333642453919
 10
112.14979819277107
 20
55.59333642453919
 10
111.89520314591698
 20
55.59333642453919
 10
111.6406080990629
 20
55.59333642453919
 10
111.38601305220884
 20
55.59333642453919
 10
111.13141800535475
 20
55.59333642453919
 10
110.87682295850067
 20
55.59333642453919
 10
110.62222791164658
 20
55.59333642453919
 10
110.3676328647925
 20
55.59333642453919
 10
110.11303781793842
 20
55.59333642453919
 10
109.85844277108433
 20
55.59333642453919
 10
109.60384772423025
 20
55.59333642453919
 10
109.34925267737616
 20
55.59333642453919
 10
109.09465763052208
 20
55.59333642453919
 10
108.84006258366801
 20
55.59333642453919
 10
108.58546753681391
 20
55.59333642453919
 10
108.33087248995984
 20
55.59333642453919
 10
108.07627744310575
 20
55.59333642453919
 10
107.82168239625167
 20
55.59333642453919
 10
107.5670873493976
 20
55.59333642453919
 10
107.3124923025435
 20
55.59333642453919
 10
107.05789725568943
 20
55.59333642453919
 10
106.80330220883533
 20
55.59333642453919
 10
106.54870716198126
 20
55.59333642453919
 10
106.29411211512719
 20
55.59333642453919
 10
106.03951706827308
 20
55.59333642453919
 10
105.78492202141902
 20
55.59333642453919
 10
105.53032697456493
 20
55.59333642453919
 10
105.27573192771085
 20
55.59333642453919
 10
105.02113688085677
 20
55.59333642453919
 10
104.76654183400268
 20
55.59333642453919
 10
104.5119467871486
 20
55.59333642453919
 10
104.25735174029451
 20
55.59333642453919
 10
104.00275669344043
 20
55.59333642453919
 10
103.74816164658635
 20
55.59333642453919
 10
103.49356659973226
 20
55.59333642453919
 10
103.2389715528782
 20
55.59333642453919
 10
103.15927777777777
 20
55.76823769629283
 10
103.15927777777777
 20
56.02283274314692
 10
103.15927777777777
 20
56.27742779000107
 10
103.28657530120482
 20
56.40472531342806
 10
103.5411703480589
 20
56.40472531342806
 10
103.79576539491299
 20
56.40472531342806
 10
104.05036044176707
 20
56.40472531342806
 10
104.30495548862113
 20
56.40472531342806
 10
104.55955053547524
 20
56.40472531342806
 10
104.8141455823293
 20
56.40472531342806
 10
105.06874062918341
 20
56.40472531342806
 10
105.32333567603747
 20
56.40472531342806
 10
105.57793072289155
 20
56.40472531342806
 10
105.83252576974564
 20
56.40472531342806
 10
106.08712081659972
 20
56.40472531342806
 10
106.3417158634538
 20
56.40472531342806
 10
106.59631091030789
 20
56.40472531342806
 10
106.85090595716197
 20
56.40472531342806
 10
107.10550100401606
 20
56.40472531342806
 10
107.36009605087013
 20
56.40472531342806
 10
107.61469109772423
 20
56.40472531342806
 10
107.8692861445783
 20
56.40472531342806
 10
108.12388119143237
 20
56.40472531342806
 10
108.37847623828647
 20
56.40472531342806
 10
108.63307128514055
 20
56.40472531342806
 10
108.88766633199464
 20
56.40472531342806
 10
109.14226137884872
 20
56.40472531342806
 10
109.3968564257028
 20
56.40472531342806
 10
109.65145147255689
 20
56.40472531342806
 10
109.90604651941095
 20
56.40472531342806
 10
110.16064156626503
 20
56.40472531342806
 10
110.41523661311912
 20
56.40472531342806
 10
110.6698316599732
 20
56.40472531342806
 10
110.92442670682729
 20
56.40472531342806
 10
111.17902175368137
 20
56.40472531342806
 10
111.43361680053546
 20
56.40472531342806
 10
111.68821184738954
 20
56.40472531342806
 10
111.94280689424362
 20
56.40472531342806
 10
112.19740194109771
 20
56.40472531342806
 10
112.45199698795179
 20
56.40472531342806
 10
112.70659203480588
 20
56.40472531342806
 10
112.91358333333332
 20
56.357121565101465
 10
112.91358333333332
 20
56.10252651824737
 10
112.91358333333332
 20
55.84793147139328
 10
112.91358333333332
 20
55.59333642453919
  0
LWPOLYLINE
  5
D4
330
17
100
AcDbEntity
  8
MARK
100
AcDbPolyline
 90
40
 70
1
 10
108.08405555555555
 20
60.03128086898363
 10
108.35798262678604
 20
60.01898311668481
 10
108.61662309292716
 20
59.98181598687921
 10
108.85997695397886
 20
59.91936867020314
 10
109.0972648516184
 20
59.826715053517944
 10
109.33112425088049
 20
59.69644674705239
 10
109.530455915062
 20
59.53922148775007
 10
109.69646575050342
 20
59.352417195237194
 10
109.82859384967104
 20
59.129607996119546
 10
109.90154338662371
 20
58.88583057205432
 10
109.91703831276247
 20
58.62415439809632
 10
109.87546417685188
 20
58.369910389216386
 10
109.77726057678818
 20
58.13388879239318
 10
109.62867048888047
 20
57.92435481588825
 10
109.44989712939255
 20
57.75166616228262
 10
109.23552986389643
 20
57.6061140520618
 10
108.9911197047264
 20
57.49145756208907
 10
108.75827060836083
 20
57.41560408671978
 10
108.50861015796983
 20
57.36314999623329
 10
108.24213835355339
 20
57.33450595665761
 10
107.9641490019746
 20
57.3326087447515
 10
107.69837981588354
 20
57.35864668372483
 10
107.44667246867913
 20
57.40907443611724
 10
107.20902696036143
 20
57.48346750634397
 10
106.96542851208095
 20
57.59629179721384
 10
106.7483220834744
 20
57.73978296692678
 10
106.56627543386723
 20
57.91004702197864
 10
106.41664873589582
 20
58.118568159348854
 10
106.31707500153644
 20
58.35389196262315
 10
106.27312084370153
 20
58.606912903882574
 10
106.28502017758893
 20
58.8701109513903
 10
106.35342870496206
 20
59.116185493361
 10
106.47838555059023
 20
59.341204520508484
 10
106.64231159622094
 20
59.5293128303303
 10
106.83919092543397
 20
59.68889053919361
 10
107.07124567118383
 20
59.821777772108135
 10
107.30910812627017
 20
59.916910838387025
 10
107.55180439887604
 20
59.980732612877546
 10
107.81012020863784
 20
60.018714522107985
 10
108.08405555555555
 20
60.03128086898363
  0
LWPOLYLINE
  5
D5
330
17
100
AcDbEntity
  8
MARK
100
AcDbPolyline
 90
16
 70
1
 10
108.08405555555555
 20
59.145808646761395
 10
107.82151702946975
 20
59.12104648655429
 10
107.578205463219
 20
59.03742889812747
 10
107.40686418381468
 20
58.86427491213328
 10
107.37392271731615
 20
58.60893218814533
 10
107.48837808060752
 20
58.38991095295438
 10
107.71285550644112
 20
58.26412571686279
 10
107.9572392566084
 20
58.21745759886892
 10
108.23317614423617
 20
58.21775079306548
 10
108.474413209966
 20
58.26812524838397
 10
108.69518718770888
 20
58.396912196800315
 10
108.80613450509313
 20
58.616148496053995
 10
108.76586863027063
 20
58.8728835494847
 10
108.58941475607269
 20
59.04079851199873
 10
108.35047052719847
 20
59.12195405126948
 10
108.08405555555555
 20
59.145808646761395
  0
LWPOLYLINE
  5
D6
330
17
100
AcDbEntity
  8
MARK
100
AcDbPolyline
 90
49
 70
1
 10
108.6308611111111
 20
61.2130864245392
 10
108.8898587962963
 20
61.2130864245392
 10
109.14885648148149
 20
61.2130864245392
 10
109.40785416666665
 20
61.2130864245392
 10
109.66685185185185
 20
61.2130864245392
 10
109.92584953703704
 20
61.2130864245392
 10
110.18484722222223
 20
61.2130864245392
 10
110.3453611111111
 20
61.11460262824289
 10
110.3453611111111
 20
60.8556049430577
 10
110.3453611111111
 20
60.596607257872506
 10
110.34124537037037
 20
60.34172531342807
 10
110.0822476851852
 20
60.34172531342807
 10
109.82325000000002
 20
60.34172531342807
 10
109.56425231481482
 20
60.34172531342807
 10
109.30525462962963
 20
60.34172531342807
 10
109.04625694444447
 20
60.34172531342807
 10
108.78725925925927
 20
60.34172531342807
 10
108.52826157407408
 20
60.34172531342807
 10
108.26926388888889
 20
60.34172531342807
 10
108.01026620370372
 20
60.34172531342807
 10
107.75126851851853
 20
60.34172531342807
 10
107.49227083333334
 20
60.34172531342807
 10
107.23327314814814
 20
60.34172531342807
 10
106.97427546296298
 20
60.34172531342807
 10
106.71527777777779
 20
60.34172531342807
 10
106.45628009259259
 20
60.34172531342807
 10
106.19728240740741
 20
60.34172531342807
 10
105.93828472222224
 20
60.34172531342807
 10
105.81216666666666
 20
60.47460494305767
 10
105.81216666666666
 20
60.73360262824286
 10
105.81216666666666
 20
60.992600313428
 10
105.85067824074069
 20
61.2130864245392
 10
106.10967592592588
 20
61.2130864245392
 10
106.36867361111108
 20
61.2130864245392
 10
106.62767129629627
 20
61.2130864245392
 10
106.88666898148144
 20
61.2130864245392
 10
107.14566666666663
 20
61.2130864245392
 10
107.40466435185182
 20
61.2130864245392
 10
107.56547222222223
 20
61.31127623935396
 10
107.56547222222223
 20
61.57027392453915
 10
107.56547222222223
 20
61.829271609724344
 10
107.62926620370368
 20
62.02447531342807
 10
107.88826388888887
 20
62.02447531342807
 10
108.14726157407405
 20
62.02447531342807
 10
108.40625925925923
 20
62.02447531342807
 10
108.6308611111111
 20
61.99007948009472
 10
108.6308611111111
 20
61.731081794909585
 10
108.6308611111111
 20
61.472084109724335
 10
108.6308611111111
 20
61.2130864245392
  0
LWPOLYLINE
  5
D7
330
17
100
AcDbEntity
  8
MARK
100
AcDbPolyline
 90
28
 70
1
 10
325.0176944444444
 20
197.39941975787252
 10
325.28005658436206
 20
197.39941975787252
 10
325.5424187242798
 20
197.39941975787252
 10
325.59624999999994
 20
197.19088889367498
 10
325.59624999999994
 20
196.9285267537573
 10
325.59624999999994
 20
196.66616461383958
 10
325.59624999999994
 20
196.4038024739219
 10
325.59624999999994
 20
196.14144033400422
 10
325.59624999999994
 20
195.8790781940865
 10
325.59624999999994
 20
195.61671605416882
 10
325.59624999999994
 20
195.35435391425113
 10
325.59624999999994
 20
195.09199177433342
 10
325.59624999999994
 20
194.82962963441574
 10
325.59624999999994
 20
194.56726749449803
 10
325.4650689300411
 20
194.43608642453918
 10
325.2027067901234
 20
194.43608642453918
 10
325.0176944444444
 20
194.51343621877788
 10
325.0176944444444
 20
194.77579835869557
 10
325.0176944444444
 20
195.03816049861325
 10
325.0176944444444
 20
195.30052263853096
 10
325.0176944444444
 20
195.56288477844865
 10
325.0176944444444
 20
195.82524691836636
 10
325.0176944444444
 20
196.08760905828404
 10
325.0176944444444
 20
196.34997119820173
 10
325.0176944444444
 20
196.61233333811944
 10
325.0176944444444
 20
196.87469547803713
 10
325.0176944444444
 20
197.1370576179548
 10
325.0176944444444
 20
197.39941975787252
  0
LWPOLYLINE
  5
D8
330
17
100
AcDbEntity
  8
MARK
100
AcDbPolyline
 90
67
 70
1
 10
327.0920277777778
 20
195.98125309120584
 10
326.97767513054094
 20
196.20995838567953
 10
326.8633224833041
 20
196.4386636801532
 10
326.8701269429872
 20
196.22391503115446
 10
326.9050555555556
 20
195.97071565276923
 10
326.9050555555556
 20
195.7150153601406
 10
326.9050555555556
 20
195.45931506751197
 10
326.9050555555556
 20
195.20361477488333
 10
326.9050555555556
 20
194.94791448225467
 10
326.9050555555556
 20
194.69221418962601
 10
326.9050555555556
 20
194.4365138969974
 10
326.64978273538514
 20
194.43608642453916
 10
326.39408244275654
 20
194.43608642453916
 10
326.3547222222223
 20
194.65242649663355
 10
326.3547222222223
 20
194.9081267892622
 10
326.3547222222223
 20
195.16382708189084
 10
326.3547222222223
 20
195.41952737451948
 10
326.3547222222223
 20
195.67522766714814
 10
326.3547222222223
 20
195.93092795977677
 10
326.3547222222223
 20
196.1866282524054
 10
326.3547222222223
 20
196.44232854503406
 10
326.3547222222223
 20
196.6980288376627
 10
326.3547222222223
 20
196.95372913029135
 10
326.3547222222223
 20
197.20942942291998
 10
326.39926551323174
 20
197.42058642453915
 10
326.6549658058604
 20
197.42058642453915
 10
326.8548138666002
 20
197.31244892973427
 10
327.0028196145717
 20
197.10393768730893
 10
327.1508253625433
 20
196.89542644488358
 10
327.2988311105148
 20
196.68691520245827
 10
327.4468368584864
 20
196.47840396003295
 10
327.5948426064579
 20
196.2698927176076
 10
327.74284835442944
 20
196.0613814751823
 10
327.890854102401
 20
195.85287023275694
 10
328.0072610521495
 20
195.6253976535736
 10
328.12161369938633
 20
195.39669235909992
 10
328.11372772646445
 20
195.6116136708141
 10
328.0798055555556
 20
195.86481001994937
 10
328.0798055555556
 20
196.120510312578
 10
328.0798055555556
 20
196.37621060520667
 10
328.0798055555556
 20
196.63191089783527
 10
328.0798055555556
 20
196.88761119046393
 10
328.0798055555556
 20
197.1433114830926
 10
328.0798055555556
 20
197.39901177572122
 10
328.3350978660329
 20
197.3994197578725
 10
328.5907981586616
 20
197.3994197578725
 10
328.6301388888889
 20
197.18306019547117
 10
328.6301388888889
 20
196.9273599028425
 10
328.6301388888889
 20
196.67165961021388
 10
328.6301388888889
 20
196.41595931758525
 10
328.6301388888889
 20
196.1602590249566
 10
328.6301388888889
 20
195.90455873232796
 10
328.6301388888889
 20
195.6488584396993
 10
328.6301388888889
 20
195.39315814707066
 10
328.6301388888889
 20
195.13745785444203
 10
328.6301388888889
 20
194.88175756181337
 10
328.6301388888889
 20
194.62605726918474
 10
328.5855761075725
 20
194.4149197578725
 10
328.3298758149438
 20
194.4149197578725
 10
328.12990019978326
 20
194.5229766501602
 10
327.9816327109253
 20
194.73130185602383
 10
327.83336522206736
 20
194.9396270618875
 10
327.6850977332095
 20
195.14795226775118
 10
327.53683024435156
 20
195.35627747361482
 10
327.3885627554936
 20
195.5646026794785
 10
327.2402952666357
 20
195.77292788534217
 10
327.0920277777778
 20
195.98125309120584
  0
LWPOLYLINE
  5
D9
330
17
100
AcDbEntity
  8
MARK
100
AcDbPolyline
 90
51
 70
1
 10
330.3023055555555
 20
195.6566975356503
 10
330.34116701332744
 20
195.4040980601329
 10
330.38065194552405
 20
195.15222531342806
 10
330.43974010273814
 20
195.3841659298573
 10
330.4817557716081
 20
195.63625994307702
 10
330.5576783439933
 20
195.88003118451323
 10
330.63716290443034
 20
196.1229281021222
 10
330.71664746486744
 20
196.36582501973115
 10
330.79613202530453
 20
196.6087219373401
 10
330.87561658574157
 20
196.8516188549491
 10
330.95510114617866
 20
197.09451577255808
 10
331.03458570661576
 20
197.33741269016704
 10
331.2477628053858
 20
197.39589198009475
 10
331.50333414167335
 20
197.39589198009475
 10
331.6311987935628
 20
197.30687492674278
 10
331.5427676095378
 20
197.06709037005962
 10
331.4543364255128
 20
196.82730581337643
 10
331.36590524148784
 20
196.58752125669324
 10
331.2774740574628
 20
196.34773670001005
 10
331.1890428734378
 20
196.10795214332688
 10
331.1006116894128
 20
195.8681675866437
 10
331.0121805053878
 20
195.62838302996053
 10
330.92374932136283
 20
195.38859847327734
 10
330.8353181373378
 20
195.14881391659415
 10
330.7468869533128
 20
194.90902935991096
 10
330.6584557692878
 20
194.6692448032278
 10
330.5700245852628
 20
194.4294602465446
 10
330.32704760804205
 20
194.41139198009475
 10
330.1207748028415
 20
194.48227419919053
 10
330.0318451955647
 20
194.72187435128023
 10
329.9429155882879
 20
194.96147450336994
 10
329.85398598101114
 20
195.20107465545965
 10
329.76505637373435
 20
195.44067480754933
 10
329.6761267664575
 20
195.68027495963904
 10
329.58719715918073
 20
195.91987511172874
 10
329.49826755190395
 20
196.15947526381845
 10
329.4093379446271
 20
196.39907541590816
 10
329.3204083373504
 20
196.63867556799784
 10
329.23147873007355
 20
196.87827572008757
 10
329.14254912279677
 20
197.11787587217728
 10
329.05361951552
 20
197.357476024267
 10
329.25395577405334
 20
197.39589198009475
 10
329.5095271103409
 20
197.39589198009475
 10
329.7299176075095
 20
197.34673594535957
 10
329.8123538409376
 20
197.10482485559723
 10
329.89479007436574
 20
196.86291376583492
 10
329.97722630779384
 20
196.62100267607258
 10
330.059662541222
 20
196.37909158631027
 10
330.14209877465015
 20
196.13718049654793
 10
330.22453500807825
 20
195.89526940678562
 10
330.3023055555555
 20
195.6566975356503
  0
LWPOLYLINE
  5
DA
330
17
100
AcDbEntity
  8
MARK
100
AcDbPolyline
 90
55
 70
1
 10
332.0661944444444
 20
197.39941975787252
 10
332.32515946502053
 20
197.39941975787252
 10
332.58412448559665
 20
197.39941975787252
 10
332.84308950617276
 20
197.39941975787252
 10
333.10205452674893
 20
197.39941975787252
 10
333.36101954732504
 20
197.39941975787252
 10
333.61998456790116
 20
197.39941975787252
 10
333.8230277777777
 20
197.34349794717295
 10
333.8230277777777
 20
197.0845329265968
 10
333.76423148148143
 20
196.88436420231696
 10
333.5052664609053
 20
196.88436420231696
 10
333.24630144032915
 20
196.88436420231696
 10
332.9873364197531
 20
196.88436420231696
 10
332.7283713991769
 20
196.88436420231696
 10
332.64474999999993
 20
196.7090205809178
 10
332.64474999999993
 20
196.4500555603417
 10
332.6465792181069
 20
196.19291975787252
 10
332.9055442386831
 20
196.19291975787252
 10
333.1645092592592
 20
196.19291975787252
 10
333.4234742798353
 20
196.19291975787252
 10
333.6824393004115
 20
196.19291975787252
 10
333.7171944444444
 20
195.96870988132932
 10
333.7171944444444
 20
195.70974486075318
 10
333.49011008230445
 20
195.67786420231698
 10
333.23114506172834
 20
195.67786420231698
 10
332.9721800411522
 20
195.67786420231698
 10
332.71321502057606
 20
195.67786420231698
 10
332.64474999999993
 20
195.48736420231697
 10
332.64474999999993
 20
195.22839918174083
 10
332.64474999999993
 20
194.9694341611647
 10
332.8889506172839
 20
194.95466975787252
 10
333.14791563786
 20
194.95466975787252
 10
333.4068806584362
 20
194.95466975787252
 10
333.66584567901225
 20
194.95466975787252
 10
333.8441944444444
 20
194.8740535027285
 10
333.8441944444444
 20
194.61508848215237
 10
333.76070370370365
 20
194.439614202317
 10
333.5017386831275
 20
194.439614202317
 10
333.2427736625514
 20
194.439614202317
 10
332.98380864197526
 20
194.439614202317
 10
332.72484362139915
 20
194.439614202317
 10
332.465878600823
 20
194.439614202317
 10
332.20691358024686
 20
194.439614202317
 10
332.0661944444444
 20
194.55786008709066
 10
332.0661944444444
 20
194.8168251076668
 10
332.0661944444444
 20
195.07579012824294
 10
332.0661944444444
 20
195.33475514881906
 10
332.0661944444444
 20
195.5937201693952
 10
332.0661944444444
 20
195.8526851899713
 10
332.0661944444444
 20
196.11165021054745
 10
332.0661944444444
 20
196.37061523112357
 10
332.0661944444444
 20
196.6295802516997
 10
332.0661944444444
 20
196.88854527227585
 10
332.0661944444444
 20
197.147510292852
 10
332.0661944444444
 20
197.39941975787252
  0
LWPOLYLINE
  5
DB
330
17
100
AcDbEntity
  8
MARK
100
AcDbPolyline
 90
48
 70
1
 10
334.4650833333333
 20
197.3676697578725
 10
334.72216277228546
 20
197.40593107799765
 10
334.98333033787384
 20
197.43082745246076
 10
335.24592673617803
 20
197.44072312527308
 10
335.5030836866728
 20
197.43297596712432
 10
335.7624183516898
 20
197.39454657395243
 10
336.00946798183156
 20
197.309609519415
 10
336.21918529139776
 20
197.16672245243643
 10
336.36398783930235
 20
196.9579469365525
 10
336.4254455203456
 20
196.71056574632507
 10
336.4180501044187
 20
196.4209824109644
 10
336.35137573911555
 20
196.17182334103288
 10
336.2226372831348
 20
195.96527704366247
 10
336.02929281198493
 20
195.79753093806212
 10
335.8266555469993
 20
195.68453548828535
 10
336.03556733031087
 20
195.53453902216916
 10
336.1696101548427
 20
195.3111343146161
 10
336.3036529793745
 20
195.08772960706307
 10
336.4376958039063
 20
194.86432489951005
 10
336.57173862843814
 20
194.640920191957
 10
336.6729816371748
 20
194.43608642453916
 10
336.41244921661007
 20
194.43608642453916
 10
336.15191679604527
 20
194.43608642453916
 10
335.95759720205035
 20
194.55108813176943
 10
335.82679114224237
 20
194.7764032819099
 10
335.69598508243433
 20
195.0017184320504
 10
335.56517902262635
 20
195.22703358219087
 10
335.4343729628184
 20
195.4523487323314
 10
335.2585449534985
 20
195.61384356497354
 10
335.0471666666666
 20
195.60764275489507
 10
335.0471666666666
 20
195.34711033433032
 10
335.0471666666666
 20
195.08657791376558
 10
335.0471666666666
 20
194.82604549320084
 10
335.0471666666666
 20
194.5655130726361
 10
334.91253311642106
 20
194.43961420231693
 10
334.6520006958563
 20
194.43961420231693
 10
334.4686111111111
 20
194.5167570381365
 10
334.4686111111111
 20
194.7772894587012
 10
334.4686111111111
 20
195.03782187926598
 10
334.4686111111111
 20
195.29835429983072
 10
334.4686111111111
 20
195.55888672039546
 10
334.4686111111111
 20
195.8194191409602
 10
334.4686111111111
 20
196.07995156152495
 10
334.4686111111111
 20
196.3404839820897
 10
334.4686111111111
 20
196.60101640265444
 10
334.4686111111111
 20
196.86154882321918
 10
334.4686111111111
 20
197.12208124378392
 10
334.4650833333333
 20
197.3676697578725
  0
LWPOLYLINE
  5
DC
330
17
100
AcDbEntity
  8
MARK
100
AcDbPolyline
 90
16
 70
1
 10
335.35408333333334
 20
196.9231697578725
 10
335.15309750893306
 20
196.91811257694636
 10
335.0436388888889
 20
196.82245638597283
 10
335.0436388888889
 20
196.62667625224452
 10
335.0436388888889
 20
196.43089611851622
 10
335.0436388888889
 20
196.23511598478788
 10
335.0455283512573
 20
196.04122531342807
 10
335.2413084849856
 20
196.04122531342807
 10
335.4521721092538
 20
196.05508335755258
 10
335.62706522507295
 20
196.11806658876867
 10
335.75282796885784
 20
196.23667451382198
 10
335.81415215287035
 20
196.42057423727104
 10
335.8052991033199
 20
196.6372276219136
 10
335.7143880037352
 20
196.79976593031716
 10
335.564275408492
 20
196.89177659393633
 10
335.35408333333334
 20
196.9231697578725
  0
LWPOLYLINE
  5
DD
330
17
100
AcDbEntity
  8
MARK
100
AcDbPolyline
 90
51
 70
1
 10
338.4832222222222
 20
195.22983642453917
 10
338.37892930653214
 20
195.45316840085468
 10
338.1653785853954
 20
195.58916713853918
 10
337.9338021877014
 20
195.69455429243877
 10
337.693256789347
 20
195.8026055851878
 10
337.4768589835505
 20
195.93792036477714
 10
337.2941304960697
 20
196.1159422657506
 10
337.1753145747142
 20
196.3271747913933
 10
337.1357380012913
 20
196.59116736265443
 10
337.164055500113
 20
196.85793372303237
 10
337.26267987719103
 20
197.08479361398688
 10
337.4365235044415
 20
197.26745267737803
 10
337.6624070377024
 20
197.38411904068212
 10
337.90630058466843
 20
197.43957857374923
 10
338.1734377886265
 20
197.45204042162322
 10
338.4336627060465
 20
197.43593404879678
 10
338.688277157522
 20
197.39158013095715
 10
338.9320942086643
 20
197.3085022505774
 10
338.9325575174219
 20
197.11089825496228
 10
338.8420561226775
 20
196.870721476602
 10
338.6761714515073
 20
196.85208694189134
 10
338.4147707536639
 20
196.9238225151458
 10
338.15565069098045
 20
196.94768480353636
 10
337.8890143578611
 20
196.9059795875922
 10
337.72448761467706
 20
196.73832258668676
 10
337.7585075056632
 20
196.49449375824526
 10
337.9527555204074
 20
196.33937257903932
 10
338.18542215548916
 20
196.22438250016765
 10
338.4261600221858
 20
196.11804439835845
 10
338.65078074010455
 20
195.99295762127053
 10
338.8462309073185
 20
195.83210939651585
 10
338.99142045021773
 20
195.6271095245812
 10
339.0542794060493
 20
195.38320780072328
 10
339.0454645000079
 20
195.1059183017357
 10
338.9763869943414
 20
194.8716478985881
 10
338.8312549941689
 20
194.66046611345456
 10
338.63346691302917
 20
194.50887660162152
 10
338.3904991522
 20
194.41809323936386
 10
338.1423671117516
 20
194.37662486621954
 10
337.86846099372895
 20
194.37103702224582
 10
337.60676185966923
 20
194.39369454686442
 10
337.35896240467383
 20
194.44481752652098
 10
337.11201487489427
 20
194.5260143067216
 10
337.1314520872788
 20
194.72436237835717
 10
337.2223232786916
 20
194.96439948774952
 10
337.4069817199609
 20
194.97238649167562
 10
337.65282320998693
 20
194.90198794554212
 10
337.90963362004464
 20
194.8707092123696
 10
338.18936422493823
 20
194.894104810729
 10
338.3954430626656
 20
194.99749177280202
 10
338.4832222222222
 20
195.22983642453917
  0
LWPOLYLINE
  5
DE
330
17
100
AcDbEntity
  8
MARK
100
AcDbPolyline
 90
55
 70
1
 10
339.6403333333333
 20
197.39941975787252
 10
339.89929835390944
 20
197.39941975787252
 10
340.15826337448556
 20
197.39941975787252
 10
340.41722839506167
 20
197.39941975787252
 10
340.67619341563784
 20
197.39941975787252
 10
340.93515843621395
 20
197.39941975787252
 10
341.19412345679007
 20
197.39941975787252
 10
341.39716666666664
 20
197.34349794717295
 10
341.39716666666664
 20
197.0845329265968
 10
341.33837037037034
 20
196.88436420231696
 10
341.07940534979423
 20
196.88436420231696
 10
340.82044032921806
 20
196.88436420231696
 10
340.56147530864195
 20
196.88436420231696
 10
340.30251028806583
 20
196.88436420231696
 10
340.21888888888884
 20
196.7090205809178
 10
340.21888888888884
 20
196.4500555603417
 10
340.22071810699583
 20
196.19291975787252
 10
340.479683127572
 20
196.19291975787252
 10
340.73864814814806
 20
196.19291975787252
 10
340.99761316872423
 20
196.19291975787252
 10
341.25657818930034
 20
196.19291975787252
 10
341.2913333333333
 20
195.96870988132932
 10
341.2913333333333
 20
195.70974486075318
 10
341.06424897119336
 20
195.67786420231698
 10
340.80528395061725
 20
195.67786420231698
 10
340.5463189300411
 20
195.67786420231698
 10
340.28735390946497
 20
195.67786420231698
 10
340.21888888888884
 20
195.48736420231697
 10
340.21888888888884
 20
195.22839918174083
 10
340.21888888888884
 20
194.9694341611647
 10
340.46308950617276
 20
194.95466975787252
 10
340.72205452674893
 20
194.95466975787252
 10
340.98101954732505
 20
194.95466975787252
 10
341.23998456790116
 20
194.95466975787252
 10
341.4183333333333
 20
194.8740535027285
 10
341.4183333333333
 20
194.61508848215237
 10
341.33484259259257
 20
194.439614202317
 10
341.0758775720164
 20
194.439614202317
 10
340.8169125514403
 20
194.439614202317
 10
340.55794753086417
 20
194.439614202317
 10
340.298982510288
 20
194.439614202317
 10
340.0400174897119
 20
194.439614202317
 10
339.7810524691357
 20
194.439614202317
 10
339.6403333333333
 20
194.55786008709066
 10
339.6403333333333
 20
194.8168251076668
 10
339.6403333333333
 20
195.07579012824294
 10
339.6403333333333
 20
195.33475514881906
 10
339.6403333333333
 20
195.5937201693952
 10
339.6403333333333
 20
195.8526851899713
 10
339.6403333333333
 20
196.11165021054745
 10
339.6403333333333
 20
196.37061523112357
 10
339.6403333333333
 20
196.6295802516997
 10
339.6403333333333
 20
196.88854527227585
 10
339.6403333333333
 20
197.147510292852
 10
339.6403333333333
 20
197.39941975787252
  0
LWPOLYLINE
  5
DF
330
17
100
AcDbEntity
  8
MARK
100
AcDbPolyline
 90
64
 70
1
 10
40.015583333333325
 20
89.20600309120587
 10
40.010236585660515
 20
89.0988708540423
 10
39.994249481022585
 20
88.99280334518286
 10
39.96778090644794
 20
88.88885471118348
 10
39.93109391852222
 20
88.78805804026976
 10
39.88455312901377
 20
88.69141509504206
 10
39.82862108119805
 20
88.59988635650882
 10
39.76385365289482
 20
88.51438147839454
 10
39.69089453190455
 20
88.43575024659268
 10
39.61046881874994
 20
88.36477413361146
 10
39.52337582030111
 20
88.30215853194906
 10
39.430481105904846
 20
88.2485257435861
 10
39.332707904967556
 20
88.20440879526885
 10
39.23102793148664
 20
88.17024614105009
 10
39.126451726720234
 20
88.14637730473567
 10
39.020018615974166
 20
88.13303950554439
 10
38.91278637932015
 20
88.13036530051693
 10
38.805820738902206
 20
88.13838126710428
 10
38.700184767311164
 20
88.15700773902913
 10
38.59692832229169
 20
88.1860595980452
 10
38.497077612784324
 20
88.22524811372551
 10
38.401624999999996
 20
88.27418381299503
 10
38.31151913488848
 20
88.33238035088911
 10
38.22765553001904
 20
88.39925934406824
 10
38.15086765957421
 20
88.47415611905151
 10
38.08191867590889
 20
88.55632631804039
 10
38.021493824999396
 20
88.64495329668074
 10
37.9701936361611
 20
88.73915624024147
 10
37.928527953718266
 20
88.837998917547
 10
37.896910869942126
 20
88.94049898566328
 10
37.87565660961582
 20
89.04563775286326
 10
37.86497640712736
 20
89.15237030284291
 10
37.86497640712736
 20
89.25963587956883
 10
37.87565660961582
 20
89.36636842954849
 10
37.896910869942126
 20
89.47150719674846
 10
37.928527953718266
 20
89.57400726486475
 10
37.9701936361611
 20
89.67284994217027
 10
38.021493824999396
 20
89.767052885731
 10
38.08191867590889
 20
89.85567986437135
 10
38.15086765957421
 20
89.93785006336023
 10
38.22765553001904
 20
90.0127468383435
 10
38.31151913488848
 20
90.07962583152263
 10
38.401624999999996
 20
90.13782236941671
 10
38.497077612784324
 20
90.18675806868623
 10
38.59692832229169
 20
90.22594658436654
 10
38.700184767311164
 20
90.25499844338262
 10
38.805820738902206
 20
90.27362491530747
 10
38.91278637932015
 20
90.28164088189482
 10
39.020018615974166
 20
90.27896667686736
 10
39.126451726720234
 20
90.26562887767608
 10
39.23102793148664
 20
90.24176004136166
 10
39.332707904967556
 20
90.2075973871429
 10
39.430481105904846
 20
90.16348043882564
 10
39.52337582030111
 20
90.10984765046268
 10
39.610468818749936
 20
90.04723204880028
 10
39.69089453190455
 20
89.97625593581907
 10
39.76385365289482
 20
89.8976247040172
 10
39.82862108119805
 20
89.81211982590293
 10
39.88455312901377
 20
89.72059108736968
 10
39.93109391852222
 20
89.62394814214198
 10
39.96778090644794
 20
89.52315147122826
 10
39.994249481022585
 20
89.41920283722888
 10
40.010236585660515
 20
89.31313532836944
 10
40.015583333333325
 20
89.20600309120587
  0
LWPOLYLINE
  5
E0
330
17
100
AcDbEntity
  8
MARK
100
AcDbPolyline
 90
64
 70
1
 10
136.55322222222222
 20
71.0661697578725
 10
136.54526345683382
 20
70.90670078845523
 10
136.52146625845475
 20
70.74881669330054
 10
136.48206713433382
 20
70.5940865954785
 10
136.42745765066732
 20
70.44404827221678
 10
136.35818054103834
 20
70.3001928717795
 10
136.27492431248643
 20
70.16395009376606
 10
136.17851640281538
 20
70.03667398011399
 10
136.06991495714462
 20
69.91962945802203
 10
135.9501993054325
 20
69.81397976853523
 10
135.82055923561032
 20
69.72077490573287
 10
135.68228316893524
 20
69.64094118141551
 10
135.53674535508105
 20
69.57527201900228
 10
135.38539221422747
 20
69.5244200681324
 10
135.22972796188665
 20
69.48889071833977
 10
135.0712996593335
 20
69.46903707626493
 10
134.9116818382157
 20
69.46505645632243
 10
134.752460852151
 20
69.4769884197016
 10
134.59521911083186
 20
69.50471438118973
 10
134.44151935332744
 20
69.54795878772515
 10
134.29288911688042
 20
69.60629185696732
 10
134.15080555555556
 20
69.67913384866685
 10
134.01668075961908
 20
69.7657608263846
 10
133.8918477215511
 20
69.86531185229711
 10
133.77754708816767
 20
69.97679754358373
 10
133.674914830515
 20
70.09910990535732
 10
133.58497095407924
 20
70.2310333424154
 10
133.50860936151338
 20
70.3712567403714
 10
133.4465889686313
 20
70.51838649609829
 10
133.3995261619612
 20
70.67096036798287
 10
133.36788867281976
 20
70.82746200833955
 10
133.35199092878776
 20
70.98633603355515
 10
133.35199092878776
 20
71.14600348218985
 10
133.36788867281976
 20
71.30487750740545
 10
133.3995261619612
 20
71.46137914776213
 10
133.4465889686313
 20
71.61395301964671
 10
133.50860936151338
 20
71.76108277537361
 10
133.58497095407924
 20
71.9013061733296
 10
133.674914830515
 20
72.03322961038768
 10
133.77754708816767
 20
72.15554197216127
 10
133.8918477215511
 20
72.26702766344789
 10
134.01668075961908
 20
72.36657868936041
 10
134.15080555555556
 20
72.45320566707815
 10
134.29288911688042
 20
72.52604765877769
 10
134.44151935332744
 20
72.58438072801985
 10
134.59521911083186
 20
72.62762513455527
 10
134.752460852151
 20
72.6553510960434
 10
134.9116818382157
 20
72.66728305942257
 10
135.0712996593335
 20
72.66330243948008
 10
135.22972796188665
 20
72.64344879740523
 10
135.38539221422747
 20
72.6079194476126
 10
135.53674535508105
 20
72.55706749674272
 10
135.68228316893524
 20
72.49139833432949
 10
135.82055923561032
 20
72.41156461001214
 10
135.9501993054325
 20
72.31835974720977
 10
136.06991495714462
 20
72.21271005772297
 10
136.17851640281538
 20
72.09566553563101
 10
136.27492431248643
 20
71.96838942197894
 10
136.35818054103834
 20
71.8321466439655
 10
136.42745765066732
 20
71.68829124352823
 10
136.48206713433382
 20
71.5382529202665
 10
136.52146625845475
 20
71.38352282244446
 10
136.54526345683382
 20
71.22563872728978
 10
136.55322222222222
 20
71.0661697578725
  0
LWPOLYLINE
  5
E1
330
17
100
AcDbEntity
  8
MARK
100
AcDbPolyline
 90
64
 70
1
 10
173.66191666666666
 20
50.35458642453921
 10
173.65395790127826
 20
50.19511745512193
 10
173.6301607028992
 20
50.03723335996722
 10
173.59076157877826
 20
49.88250326214518
 10
173.53615209511176
 20
49.73246493888348
 10
173.46687498548278
 20
49.58860953844618
 10
173.38361875693087
 20
49.45236676043277
 10
173.28721084725981
 20
49.325090646780666
 10
173.17860940158906
 20
49.208046124688735
 10
173.05889374987694
 20
49.10239643520191
 10
172.92925368005476
 20
49.00919157239957
 10
172.79097761337968
 20
48.92935784808219
 10
172.6454397995255
 20
48.86368868566899
 10
172.4940866586719
 20
48.81283673479908
 10
172.3384224063311
 20
48.77730738500645
 10
172.17999410377794
 20
48.7574537429316
 10
172.02037628266015
 20
48.753473122989135
 10
171.86115529659543
 20
48.765405086368276
 10
171.7039135552763
 20
48.793131047856434
 10
171.55021379777187
 20
48.83637545439183
 10
171.40158356132486
 20
48.894708523633994
 10
171.2595
 20
48.96755051533353
 10
171.12537520406352
 20
49.05417749305127
 10
171.00054216599554
 20
49.15372851896382
 10
170.8862415326121
 20
49.265214210250406
 10
170.78360927495945
 20
49.387526572024
 10
170.69366539852368
 20
49.51945000908211
 10
170.61730380595782
 20
49.6596734070381
 10
170.55528341307573
 20
49.80680316276499
 10
170.50822060640564
 20
49.95937703464955
 10
170.4765831172642
 20
50.11587867500623
 10
170.4606853732322
 20
50.274752700221825
 10
170.4606853732322
 20
50.43442014885653
 10
170.4765831172642
 20
50.59329417407213
 10
170.50822060640564
 20
50.74979581442881
 10
170.55528341307573
 20
50.90236968631342
 10
170.61730380595782
 20
51.049499442040315
 10
170.69366539852368
 20
51.18972283999631
 10
170.78360927495945
 20
51.321646277054356
 10
170.8862415326121
 20
51.44395863882795
 10
171.00054216599554
 20
51.5554443301146
 10
171.12537520406352
 20
51.65499535602709
 10
171.2595
 20
51.74162233374483
 10
171.40158356132486
 20
51.81446432544436
 10
171.55021379777187
 20
51.87279739468653
 10
171.7039135552763
 20
51.91604180122198
 10
171.86115529659543
 20
51.94376776271008
 10
172.02037628266015
 20
51.95569972608928
 10
172.17999410377794
 20
51.951719106146754
 10
172.3384224063311
 20
51.931865464071905
 10
172.4940866586719
 20
51.89633611427928
 10
172.6454397995255
 20
51.845484163409424
 10
172.79097761337968
 20
51.779815000996166
 10
172.92925368005476
 20
51.69998127667884
 10
173.05889374987694
 20
51.606776413876446
 10
173.17860940158906
 20
51.50112672438968
 10
173.28721084725981
 20
51.38408220229769
 10
173.38361875693087
 20
51.25680608864565
 10
173.46687498548278
 20
51.12056331063218
 10
173.53615209511176
 20
50.97670791019493
 10
173.59076157877826
 20
50.82666958693318
 10
173.6301607028992
 20
50.67193948911114
 10
173.65395790127826
 20
50.51405539395648
 10
173.66191666666666
 20
50.35458642453921
  0
TEXT
  5
E2
330
17
100
AcDbEntity
  8
NOTE
100
AcDbText
 10
0.0
 20
-10.0
 30
0.0
 40
4.0
  1
AL5052 t1.5  전개 360 x 319.89  (K=0.5, R15 기준 — 업체 장비 값으로 재전개)
 11
0.0
 21
-10.0
 31
0.0
100
AcDbText
  0
ENDSEC
  0
SECTION
  2
OBJECTS
  0
DICTIONARY
  5
A
330
0
100
AcDbDictionary
281
1
  3
ACAD_COLOR
350
B
  3
ACAD_GROUP
350
C
  3
ACAD_LAYOUT
350
D
  3
ACAD_MATERIAL
350
E
  3
ACAD_MLEADERSTYLE
350
F
  3
ACAD_MLINESTYLE
350
10
  3
ACAD_PLOTSETTINGS
350
11
  3
ACAD_PLOTSTYLENAME
350
12
  3
ACAD_SCALELIST
350
14
  3
ACAD_TABLESTYLE
350
15
  3
ACAD_VISUALSTYLE
350
16
  3
EZDXF_META
350
2D
  0
DICTIONARY
  5
B
330
A
100
AcDbDictionary
281
1
  0
DICTIONARY
  5
C
330
A
100
AcDbDictionary
281
1
  0
DICTIONARY
  5
D
330
A
100
AcDbDictionary
281
1
  3
Model
350
1A
  3
Layout1
350
1E
  0
DICTIONARY
  5
E
330
A
100
AcDbDictionary
281
1
  3
ByBlock
350
1F
  3
ByLayer
350
20
  3
Global
350
21
  0
DICTIONARY
  5
F
330
A
100
AcDbDictionary
281
1
  3
Standard
350
2C
  0
DICTIONARY
  5
10
330
A
100
AcDbDictionary
281
1
  3
Standard
350
22
  0
DICTIONARY
  5
11
330
A
100
AcDbDictionary
281
1
  0
ACDBDICTIONARYWDFLT
  5
12
330
A
100
AcDbDictionary
281
1
  3
Normal
350
13
100
AcDbDictionaryWithDefault
340
13
  0
ACDBPLACEHOLDER
  5
13
330
12
  0
DICTIONARY
  5
14
330
A
100
AcDbDictionary
281
1
  0
DICTIONARY
  5
15
330
A
100
AcDbDictionary
281
1
  0
DICTIONARY
  5
16
330
A
100
AcDbDictionary
281
1
  3
2dWireframe
350
5A
  3
Basic
350
5B
  3
Brighten
350
5C
  3
ColorChange
350
5D
  3
Conceptual
350
5E
  3
Dim
350
5F
  3
EdgeColorOff
350
60
  3
Facepattern
350
61
  3
Flat
350
62
  3
FlatWithEdges
350
63
  3
Gouraud
350
64
  3
GouraudWithEdges
350
65
  3
Hidden
350
66
  3
JitterOff
350
67
  3
Linepattern
350
68
  3
Modeling
350
69
  3
OverhangOff
350
6A
  3
Realistic
350
6B
  3
Shaded
350
6C
  3
Shaded with edges
350
6D
  3
Shades of Gray
350
6E
  3
Sketchy
350
6F
  3
Thicken
350
70
  3
Wireframe
350
71
  3
X-Ray
350
72
  0
LAYOUT
  5
1A
330
D
100
AcDbPlotSettings
  1

  4
A3
  6

 40
7.5
 41
20.0
 42
7.5
 43
20.0
 44
420.0
 45
297.0
 46
0.0
 47
0.0
 48
0.0
 49
0.0
140
0.0
141
0.0
142
1.0
143
1.0
 70
1024
 72
1
 73
0
 74
5
  7

 75
16
 76
0
 77
2
 78
300
147
1.0
148
0.0
149
0.0
100
AcDbLayout
  1
Model
 70
1
 71
0
 10
0.0
 20
0.0
 11
420.0
 21
297.0
 12
0.0
 22
0.0
 32
0.0
 14
1e+20
 24
1e+20
 34
1e+20
 15
-1e+20
 25
-1e+20
 35
-1e+20
146
0.0
 13
0.0
 23
0.0
 33
0.0
 16
1.0
 26
0.0
 36
0.0
 17
0.0
 27
1.0
 37
0.0
 76
1
330
17
  0
LAYOUT
  5
1E
330
D
100
AcDbPlotSettings
  1

  4
A3
  6

 40
7.5
 41
20.0
 42
7.5
 43
20.0
 44
420.0
 45
297.0
 46
0.0
 47
0.0
 48
0.0
 49
0.0
140
0.0
141
0.0
142
1.0
143
1.0
 70
0
 72
1
 73
0
 74
5
  7

 75
16
 76
0
 77
2
 78
300
147
1.0
148
0.0
149
0.0
100
AcDbLayout
  1
Layout1
 70
1
 71
1
 10
0.0
 20
0.0
 11
420.0
 21
297.0
 12
0.0
 22
0.0
 32
0.0
 14
1e+20
 24
1e+20
 34
1e+20
 15
-1e+20
 25
-1e+20
 35
-1e+20
146
0.0
 13
0.0
 23
0.0
 33
0.0
 16
1.0
 26
0.0
 36
0.0
 17
0.0
 27
1.0
 37
0.0
 76
1
330
1B
  0
MATERIAL
  5
1F
102
{ACAD_REACTORS
330
E
102
}
330
E
100
AcDbMaterial
  1
ByBlock
  2

 70
0
 40
1.0
 71
1
 41
1.0
 91
-1023410177
 42
1.0
 72
1
  3

 73
1
 74
1
 75
1
 44
0.5
 73
0
 45
1.0
 46
1.0
 77
1
  4

 78
1
 79
1
170
1
 48
1.0
171
1
  6

172
1
173
1
174
1
140
1.0
141
1.0
175
1
  7

176
1
177
1
178
1
143
1.0
179
1
  8

270
1
271
1
272
1
145
1.0
146
1.0
273
1
  9

274
1
275
1
276
1
 42
1.0
 72
1
  3

 73
1
 74
1
 75
1
 94
63
  0
MATERIAL
  5
20
102
{ACAD_REACTORS
330
E
102
}
330
E
100
AcDbMaterial
  1
ByLayer
  2

 70
0
 40
1.0
 71
1
 41
1.0
 91
-1023410177
 42
1.0
 72
1
  3

 73
1
 74
1
 75
1
 44
0.5
 73
0
 45
1.0
 46
1.0
 77
1
  4

 78
1
 79
1
170
1
 48
1.0
171
1
  6

172
1
173
1
174
1
140
1.0
141
1.0
175
1
  7

176
1
177
1
178
1
143
1.0
179
1
  8

270
1
271
1
272
1
145
1.0
146
1.0
273
1
  9

274
1
275
1
276
1
 42
1.0
 72
1
  3

 73
1
 74
1
 75
1
 94
63
  0
MATERIAL
  5
21
102
{ACAD_REACTORS
330
E
102
}
330
E
100
AcDbMaterial
  1
Global
  2

 70
0
 40
1.0
 71
1
 41
1.0
 91
-1023410177
 42
1.0
 72
1
  3

 73
1
 74
1
 75
1
 44
0.5
 73
0
 45
1.0
 46
1.0
 77
1
  4

 78
1
 79
1
170
1
 48
1.0
171
1
  6

172
1
173
1
174
1
140
1.0
141
1.0
175
1
  7

176
1
177
1
178
1
143
1.0
179
1
  8

270
1
271
1
272
1
145
1.0
146
1.0
273
1
  9

274
1
275
1
276
1
 42
1.0
 72
1
  3

 73
1
 74
1
 75
1
 94
63
  0
MLINESTYLE
  5
22
102
{ACAD_REACTORS
330
10
102
}
330
10
100
AcDbMlineStyle
  2
Standard
 70
0
  3

 62
256
 51
90.0
 52
90.0
 71
2
 49
0.5
 62
256
  6
BYLAYER
 49
-0.5
 62
256
  6
BYLAYER
  0
MLEADERSTYLE
  5
2C
102
{ACAD_REACTORS
330
F
102
}
330
F
100
AcDbMLeaderStyle
179
2
170
2
171
1
172
0
 90
2
 40
0.0
 41
0.0
173
1
 91
-1056964608
 92
-2
290
1
 42
2.0
291
1
 43
8.0
  3
Standard
 44
4.0
300

342
29
174
1
175
1
176
0
178
1
 93
-1056964608
 45
4.0
292
0
297
0
 46
4.0
 94
-1056964608
 47
1.0
 49
1.0
140
1.0
294
1
141
0.0
177
0
142
1.0
295
0
296
0
143
3.75
271
0
272
9
273
9
  0
DICTIONARY
  5
2D
330
A
100
AcDbDictionary
280
1
281
1
  3
CREATED_BY_EZDXF
350
2E
  3
WRITTEN_BY_EZDXF
350
E5
  0
DICTIONARYVAR
  5
2E
330
2D
100
DictionaryVariables
280
0
  1
1.4.4 @ 2026-10-09T15:56:40.099851+00:00
  0
VISUALSTYLE
  5
5A
102
{ACAD_REACTORS
330
16
102
}
330
16
100
AcDbVisualStyle
  2
2dWireframe
 70
4
 90
0
 40
0.6
 62
7
290
0
291
0
  0
VISUALSTYLE
  5
5B
102
{ACAD_REACTORS
330
16
102
}
330
16
100
AcDbVisualStyle
  2
Basic
 70
7
 90
1
 40
0.6
 62
7
290
0
291
1
  0
VISUALSTYLE
  5
5C
102
{ACAD_REACTORS
330
16
102
}
330
16
100
AcDbVisualStyle
  2
Brighten
 70
12
 90
2
 40
0.6
 62
7
290
0
291
1
  0
VISUALSTYLE
  5
5D
102
{ACAD_REACTORS
330
16
102
}
330
16
100
AcDbVisualStyle
  2
ColorChange
 70
16
 90
2
 40
0.6
 62
8
290
0
291
1
  0
VISUALSTYLE
  5
5E
102
{ACAD_REACTORS
330
16
102
}
330
16
100
AcDbVisualStyle
  2
Conceptual
 70
9
 90
3
 40
0.6
 62
7
290
0
291
0
  0
VISUALSTYLE
  5
5F
102
{ACAD_REACTORS
330
16
102
}
330
16
100
AcDbVisualStyle
  2
Dim
 70
11
 90
2
 40
0.6
 62
7
290
0
291
1
  0
VISUALSTYLE
  5
60
102
{ACAD_REACTORS
330
16
102
}
330
16
100
AcDbVisualStyle
  2
EdgeColorOff
 70
22
 90
2
 40
0.6
 62
7
290
0
291
1
  0
VISUALSTYLE
  5
61
102
{ACAD_REACTORS
330
16
102
}
330
16
100
AcDbVisualStyle
  2
Facepattern
 70
15
 90
2
 40
0.6
 62
7
290
0
291
1
  0
VISUALSTYLE
  5
62
102
{ACAD_REACTORS
330
16
102
}
330
16
100
AcDbVisualStyle
  2
Flat
 70
0
 90
2
 40
0.6
 62
7
290
0
291
1
  0
VISUALSTYLE
  5
63
102
{ACAD_REACTORS
330
16
102
}
330
16
100
AcDbVisualStyle
  2
FlatWithEdges
 70
1
 90
2
 40
0.6
 62
7
290
0
291
1
  0
VISUALSTYLE
  5
64
102
{ACAD_REACTORS
330
16
102
}
330
16
100
AcDbVisualStyle
  2
Gouraud
 70
2
 90
2
 40
0.6
 62
7
290
0
291
1
  0
VISUALSTYLE
  5
65
102
{ACAD_REACTORS
330
16
102
}
330
16
100
AcDbVisualStyle
  2
GouraudWithEdges
 70
3
 90
2
 40
0.6
 62
7
290
0
291
1
  0
VISUALSTYLE
  5
66
102
{ACAD_REACTORS
330
16
102
}
330
16
100
AcDbVisualStyle
  2
Hidden
 70
6
 90
1
 40
0.6
 62
7
290
0
291
0
  0
VISUALSTYLE
  5
67
102
{ACAD_REACTORS
330
16
102
}
330
16
100
AcDbVisualStyle
  2
JitterOff
 70
20
 90
2
 40
0.6
 62
7
290
0
291
1
  0
VISUALSTYLE
  5
68
102
{ACAD_REACTORS
330
16
102
}
330
16
100
AcDbVisualStyle
  2
Linepattern
 70
14
 90
2
 40
0.6
 62
7
290
0
291
1
  0
VISUALSTYLE
  5
69
102
{ACAD_REACTORS
330
16
102
}
330
16
100
AcDbVisualStyle
  2
Modeling
 70
10
 90
2
 40
0.6
 62
7
290
0
291
0
  0
VISUALSTYLE
  5
6A
102
{ACAD_REACTORS
330
16
102
}
330
16
100
AcDbVisualStyle
  2
OverhangOff
 70
21
 90
2
 40
0.6
 62
7
290
0
291
1
  0
VISUALSTYLE
  5
6B
102
{ACAD_REACTORS
330
16
102
}
330
16
100
AcDbVisualStyle
  2
Realistic
 70
8
 90
2
 40
0.6
 62
7
290
0
291
0
  0
VISUALSTYLE
  5
6C
102
{ACAD_REACTORS
330
16
102
}
330
16
100
AcDbVisualStyle
  2
Shaded
 70
27
 90
2
 40
0.6
 62
7
290
0
291
0
  0
VISUALSTYLE
  5
6D
102
{ACAD_REACTORS
330
16
102
}
330
16
100
AcDbVisualStyle
  2
Shaded with edges
 70
26
 90
2
 40
0.6
 62
7
290
0
291
0
  0
VISUALSTYLE
  5
6E
102
{ACAD_REACTORS
330
16
102
}
330
16
100
AcDbVisualStyle
  2
Shades of Gray
 70
23
 90
2
 40
0.6
 62
7
290
0
291
0
  0
VISUALSTYLE
  5
6F
102
{ACAD_REACTORS
330
16
102
}
330
16
100
AcDbVisualStyle
  2
Sketchy
 70
24
 90
1
 40
0.6
 62
7
290
0
291
0
  0
VISUALSTYLE
  5
70
102
{ACAD_REACTORS
330
16
102
}
330
16
100
AcDbVisualStyle
  2
Thicken
 70
13
 90
2
 40
0.6
 62
7
290
0
291
1
  0
VISUALSTYLE
  5
71
102
{ACAD_REACTORS
330
16
102
}
330
16
100
AcDbVisualStyle
  2
Wireframe
 70
5
 90
0
 40
0.6
 62
7
290
0
291
0
  0
VISUALSTYLE
  5
72
102
{ACAD_REACTORS
330
16
102
}
330
16
100
AcDbVisualStyle
  2
X-Ray
 70
25
 90
2
 40
0.5
 62
7
290
0
291
0
  0
DICTIONARYVAR
  5
E5
330
2D
100
DictionaryVariables
280
0
  1
1.4.4 @ 2026-10-09T15:56:40.107387+00:00
  0
ENDSEC
  0
EOF
